-- phpMyAdmin SQL Dump
-- version 3.3.10.4
-- http://www.phpmyadmin.net
--
-- Host: mysql.islandapps.ca
-- Generation Time: Jan 08, 2013 at 05:50 AM
-- Server version: 5.1.39
-- PHP Version: 5.2.17

SET SQL_MODE="NO_AUTO_VALUE_ON_ZERO";


/*!40101 SET @OLD_CHARACTER_SET_CLIENT=@@CHARACTER_SET_CLIENT */;
/*!40101 SET @OLD_CHARACTER_SET_RESULTS=@@CHARACTER_SET_RESULTS */;
/*!40101 SET @OLD_COLLATION_CONNECTION=@@COLLATION_CONNECTION */;
/*!40101 SET NAMES utf8 */;

--
-- Database: `iapps_qcyctenderschedule`
--

-- --------------------------------------------------------

--
-- Table structure for table `actionNames`
--

CREATE TABLE IF NOT EXISTS `actionNames` (
  `actionID` int(11) NOT NULL,
  `actionName` varchar(128) NOT NULL,
  KEY `actionID` (`actionID`)
) ENGINE=MyISAM DEFAULT CHARSET=latin1;

--
-- Dumping data for table `actionNames`
--

INSERT INTO `actionNames` (`actionID`, `actionName`) VALUES
(1, 'View Schedule'),
(2, 'Edit Schedule'),
(3, 'Forgotten Password'),
(4, 'Member Profile'),
(5, 'Change Password'),
(6, 'Add New Member'),
(7, 'Add New CT Admin');

-- --------------------------------------------------------

--
-- Table structure for table `actions`
--

CREATE TABLE IF NOT EXISTS `actions` (
  `loginTypeID` int(11) NOT NULL,
  `actionID` int(11) NOT NULL,
  `allow` int(11) NOT NULL,
  KEY `loginTypeID` (`loginTypeID`)
) ENGINE=MyISAM DEFAULT CHARSET=latin1;

--
-- Dumping data for table `actions`
--

INSERT INTO `actions` (`loginTypeID`, `actionID`, `allow`) VALUES
(1, 1, 1),
(1, 2, 1),
(1, 3, 1),
(1, 4, 1),
(1, 5, 1),
(1, 6, 1),
(2, 1, 1),
(1, 7, 1),
(2, 2, 1),
(2, 3, 1),
(2, 4, 1),
(2, 5, 1),
(2, 6, 1),
(2, 7, 0),
(3, 1, 1),
(3, 2, 1),
(3, 3, 1),
(3, 4, 1),
(3, 6, 0),
(3, 7, 0),
(3, 5, 1),
(4, 1, 1),
(4, 2, 0),
(4, 3, 1),
(4, 4, 1),
(4, 5, 1),
(4, 6, 0),
(4, 7, 0),
(5, 1, 1),
(5, 2, 0),
(5, 3, 1),
(5, 4, 0),
(5, 5, 0),
(5, 6, 0),
(5, 7, 0);

-- --------------------------------------------------------

--
-- Table structure for table `countries`
--

CREATE TABLE IF NOT EXISTS `countries` (
  `country_id` int(11) NOT NULL AUTO_INCREMENT,
  `country_sort_order` int(11) NOT NULL,
  `country_shortname` varchar(4) NOT NULL,
  `country_name` varchar(100) NOT NULL,
  PRIMARY KEY (`country_id`)
) ENGINE=MyISAM  DEFAULT CHARSET=latin1 AUTO_INCREMENT=237 ;

--
-- Dumping data for table `countries`
--

INSERT INTO `countries` (`country_id`, `country_sort_order`, `country_shortname`, `country_name`) VALUES
(1, 1, 'US', 'United States'),
(2, 2, 'CA', 'Canada'),
(3, 3, 'GB', 'United Kingdom'),
(4, 4, 'AF', 'Afghanistan'),
(5, 5, 'AL', 'Albania'),
(6, 6, 'DZ', 'Algeria'),
(7, 7, 'AS', 'American Samoa'),
(8, 8, 'AD', 'Andorra'),
(9, 9, 'AO', 'Angola'),
(10, 10, 'AI', 'Anguilla'),
(11, 11, 'AQ', 'Antarctica'),
(12, 12, 'AG', 'Antigua And Barbuda'),
(13, 13, 'AR', 'Argentina'),
(14, 14, 'AM', 'Armenia'),
(15, 15, 'AW', 'Aruba'),
(16, 16, 'AU', 'Australia'),
(17, 17, 'AT', 'Austria'),
(18, 18, 'AZ', 'Azerbaijan'),
(19, 19, 'BS', 'Bahamas'),
(20, 20, 'BH', 'Bahrain'),
(21, 21, 'BD', 'Bangladesh'),
(22, 22, 'BB', 'Barbados'),
(23, 23, 'BY', 'Belarus'),
(24, 24, 'BE', 'Belgium'),
(25, 25, 'BZ', 'Belize'),
(26, 26, 'BJ', 'Benin'),
(27, 27, 'BM', 'Bermuda'),
(28, 28, 'BT', 'Bhutan'),
(29, 29, 'BO', 'Bolivia'),
(30, 30, 'BA', 'Bosnia And Herzegovina'),
(31, 31, 'BW', 'Botswana'),
(32, 32, 'BV', 'Bouvet Island'),
(33, 33, 'BR', 'Brazil'),
(34, 34, 'IO', 'British Indian Ocean Terr.'),
(35, 35, 'BN', 'Brunei Darussalam'),
(36, 36, 'BG', 'Bulgaria'),
(37, 37, 'BF', 'Burkina Faso'),
(38, 38, 'BI', 'Burundi'),
(39, 39, 'KH', 'Cambodia'),
(40, 40, 'CM', 'Cameroon'),
(41, 41, 'CV', 'Cape Verde'),
(42, 42, 'KY', 'Cayman Islands'),
(43, 43, 'CF', 'Central African Republic'),
(44, 44, 'TD', 'Chad'),
(45, 45, 'CL', 'Chile'),
(46, 46, 'CN', 'China'),
(47, 47, 'CX', 'Christmas Island'),
(48, 48, 'CC', 'Cocos (Keeling) Islands'),
(49, 49, 'CO', 'Colombia'),
(50, 50, 'KM', 'Comoros'),
(51, 51, 'CG', 'Congo'),
(52, 52, 'CD', 'Congo, The Democratic Rep.'),
(53, 53, 'CK', 'Cook Islands'),
(54, 54, 'CR', 'Costa Rica'),
(55, 55, 'HR', 'Croatia'),
(56, 56, 'CU', 'Cuba'),
(57, 57, 'CY', 'Cyprus'),
(58, 58, 'CZ', 'Czech Republic'),
(59, 59, 'DK', 'Denmark'),
(60, 60, 'DJ', 'Djibouti'),
(61, 61, 'DM', 'Dominica'),
(62, 62, 'DO', 'Dominican Republic'),
(63, 63, 'TP', 'East Timor'),
(64, 64, 'EC', 'Ecuador'),
(65, 65, 'EG', 'Egypt'),
(66, 66, 'SV', 'El Salvador'),
(67, 67, 'GQ', 'Equatorial Guinea'),
(68, 68, 'ER', 'Eritrea'),
(69, 69, 'EE', 'Estonia'),
(70, 70, 'ET', 'Ethiopia'),
(71, 71, 'FK', 'Falkland Islands'),
(72, 72, 'FO', 'Faroe Islands'),
(73, 73, 'FJ', 'Fiji'),
(74, 74, 'FI', 'Finland'),
(75, 75, 'FR', 'France'),
(76, 76, 'GF', 'French Guiana'),
(77, 77, 'PF', 'French Polynesia'),
(78, 78, 'TF', 'French Southern Territories'),
(79, 79, 'GA', 'Gabon'),
(80, 80, 'GM', 'Gambia'),
(81, 81, 'GE', 'Georgia'),
(82, 82, 'DE', 'Germany'),
(83, 83, 'GH', 'Ghana'),
(84, 84, 'GI', 'Gibraltar'),
(85, 85, 'GR', 'Greece'),
(86, 86, 'GL', 'Greenland'),
(87, 87, 'GD', 'Grenada'),
(88, 88, 'GP', 'Guadeloupe'),
(89, 89, 'GU', 'Guam'),
(90, 90, 'GT', 'Guatemala'),
(91, 91, 'GN', 'Guinea'),
(92, 92, 'GW', 'Guinea-Bissau'),
(93, 93, 'GY', 'Guyana'),
(94, 94, 'HT', 'Haiti'),
(95, 95, 'HM', 'Heard Island'),
(96, 96, 'HN', 'Honduras'),
(97, 97, 'HK', 'Hong Kong'),
(98, 98, 'HU', 'Hungary'),
(99, 99, 'IS', 'Iceland'),
(100, 100, 'IN', 'India'),
(101, 101, 'ID', 'Indonesia'),
(102, 102, 'IR', 'Iran, Islamic Republic'),
(103, 103, 'IQ', 'Iraq'),
(104, 104, 'IE', 'Ireland'),
(105, 105, 'IL', 'Israel'),
(106, 106, 'IT', 'Italy'),
(107, 107, 'JM', 'Jamaica'),
(108, 108, 'JP', 'Japan'),
(109, 109, 'JO', 'Jordan'),
(110, 110, 'KZ', 'Kazakstan'),
(111, 111, 'KE', 'Kenya'),
(112, 112, 'KI', 'Kiribati'),
(113, 113, 'KR', 'Korea, Republic Of'),
(114, 114, 'KW', 'Kuwait'),
(115, 115, 'KG', 'Kyrgyzstan'),
(116, 116, 'LV', 'Latvia'),
(117, 117, 'LB', 'Lebanon'),
(118, 118, 'LS', 'Lesotho'),
(119, 119, 'LR', 'Liberia'),
(120, 120, 'LY', 'Libyan Arab Jamahiriya'),
(121, 121, 'LI', 'Liechtenstein'),
(122, 122, 'LT', 'Lithuania'),
(123, 123, 'LU', 'Luxembourg'),
(124, 124, 'MO', 'Macau'),
(125, 125, 'MK', 'Macedonia, The FYR'),
(126, 126, 'MG', 'Madagascar'),
(127, 127, 'MW', 'Malawi'),
(128, 128, 'MY', 'Malaysia'),
(129, 129, 'MV', 'Maldives'),
(130, 130, 'ML', 'Mali'),
(131, 131, 'MT', 'Malta'),
(132, 132, 'MH', 'Marshall Islands'),
(133, 133, 'MQ', 'Martinique'),
(134, 134, 'MR', 'Mauritania'),
(135, 135, 'MU', 'Mauritius'),
(136, 136, 'YT', 'Mayotte'),
(137, 137, 'MX', 'Mexico'),
(138, 138, 'FM', 'Micronesia'),
(139, 139, 'MD', 'Moldova, Republic Of'),
(140, 140, 'MC', 'Monaco'),
(141, 141, 'MN', 'Mongolia'),
(142, 142, 'MS', 'Montserrat'),
(143, 143, 'MA', 'Morocco'),
(144, 144, 'MZ', 'Mozambique'),
(145, 145, 'MM', 'Myanmar'),
(146, 146, 'NA', 'Namibia'),
(147, 147, 'NR', 'Nauru'),
(148, 148, 'NP', 'Nepal'),
(149, 149, 'NL', 'Netherlands'),
(150, 150, 'AN', 'Netherlands Antilles'),
(151, 151, 'NC', 'New Caledonia'),
(152, 152, 'NZ', 'New Zealand'),
(153, 153, 'NI', 'Nicaragua'),
(154, 154, 'NE', 'Niger'),
(155, 155, 'NG', 'Nigeria'),
(156, 156, 'NU', 'Niue'),
(157, 157, 'NF', 'Norfolk Island'),
(158, 158, 'MP', 'Northern Mariana Islands'),
(159, 159, 'NO', 'Norway'),
(160, 160, 'OM', 'Oman'),
(161, 161, 'PK', 'Pakistan'),
(162, 162, 'PW', 'Palau'),
(163, 163, 'PS', 'Palestinian Territory'),
(164, 164, 'PA', 'Panama'),
(165, 165, 'PG', 'Papua New Guinea'),
(166, 166, 'PY', 'Paraguay'),
(167, 167, 'PE', 'Peru'),
(168, 168, 'PH', 'Philippines'),
(169, 169, 'PN', 'Pitcairn'),
(170, 170, 'PL', 'Poland'),
(171, 171, 'PT', 'Portugal'),
(172, 172, 'PR', 'Puerto Rico'),
(173, 173, 'QA', 'Qatar'),
(174, 174, 'RE', 'Reunion'),
(175, 175, 'RO', 'Romania'),
(176, 176, 'RU', 'Russian Federation'),
(177, 177, 'RW', 'Rwanda'),
(178, 178, 'SH', 'Saint Helena'),
(179, 179, 'KN', 'Saint Kitts And Nevis'),
(180, 180, 'LC', 'Saint Lucia'),
(181, 181, 'PM', 'Saint Pierre And Miquelon'),
(182, 182, 'WS', 'Samoa'),
(183, 183, 'SM', 'San Marino'),
(184, 184, 'ST', 'Sao Tome And Principe'),
(185, 185, 'SA', 'Saudi Arabia'),
(186, 186, 'SN', 'Senegal'),
(187, 187, 'SC', 'Seychelles'),
(188, 188, 'SL', 'Sierra Leone'),
(189, 189, 'SG', 'Singapore'),
(190, 190, 'SK', 'Slovakia'),
(191, 191, 'SI', 'Slovenia'),
(192, 192, 'SB', 'Solomon Islands'),
(193, 193, 'SO', 'Somalia'),
(194, 194, 'ZA', 'South Africa'),
(195, 195, 'GS', 'South Georgia '),
(196, 196, 'ES', 'Spain'),
(197, 197, 'LK', 'Sri Lanka'),
(198, 198, 'VC', 'St. Vincent And Grenadines'),
(199, 199, 'SD', 'Sudan'),
(200, 200, 'SR', 'Suriname'),
(201, 201, 'SJ', 'Svalbard And Jan Mayen'),
(202, 202, 'SZ', 'Swaziland'),
(203, 203, 'SE', 'Sweden'),
(204, 204, 'CH', 'Switzerland'),
(205, 205, 'SY', 'Syrian Arab Republic'),
(206, 206, 'TW', 'Taiwan, Province Of China'),
(207, 207, 'TJ', 'Tajikistan'),
(208, 208, 'TZ', 'Tanzania, United Republic Of'),
(209, 209, 'TH', 'Thailand'),
(210, 210, 'TG', 'Togo'),
(211, 211, 'TK', 'Tokelau'),
(212, 212, 'TO', 'Tonga'),
(213, 213, 'TT', 'Trinidad And Tobago'),
(214, 214, 'TN', 'Tunisia'),
(215, 215, 'TR', 'Turkey'),
(216, 216, 'TM', 'Turkmenistan'),
(217, 217, 'TC', 'Turks And Caicos Islands'),
(218, 218, 'TV', 'Tuvalu'),
(219, 219, 'UG', 'Uganda'),
(220, 220, 'UA', 'Ukraine'),
(221, 221, 'AE', 'United Arab Emirates'),
(222, 222, 'UM', 'United States Minor Islands'),
(223, 223, 'UY', 'Uruguay'),
(224, 224, 'UZ', 'Uzbekistan'),
(225, 225, 'VU', 'Vanuatu'),
(226, 226, 'VA', 'Vatican City State'),
(227, 227, 'VE', 'Venezuela'),
(228, 228, 'VN', 'Viet Nam'),
(229, 229, 'VG', 'Virgin Islands, British'),
(230, 230, 'VI', 'Virgin Islands, U.S.'),
(231, 231, 'WF', 'Wallis And Futuna'),
(232, 232, 'EH', 'Western Sahara'),
(233, 233, 'YE', 'Yemen'),
(234, 234, 'YU', 'Yugoslavia'),
(235, 235, 'ZM', 'Zambia'),
(236, 236, 'ZW', 'Zimbabwe');

-- --------------------------------------------------------

--
-- Table structure for table `departures`
--

CREATE TABLE IF NOT EXISTS `departures` (
  `departureDateTime` datetime NOT NULL,
  `departureLocation` int(11) NOT NULL,
  `tenderType` int(11) NOT NULL,
  `notes` varchar(255) DEFAULT NULL,
  PRIMARY KEY (`departureDateTime`,`tenderType`),
  KEY `departureDateTime` (`departureDateTime`),
  KEY `departureLocation` (`departureLocation`),
  KEY `tenderType` (`tenderType`)
) ENGINE=MyISAM DEFAULT CHARSET=latin1;

--
-- Dumping data for table `departures`
--

INSERT INTO `departures` (`departureDateTime`, `departureLocation`, `tenderType`, `notes`) VALUES
('2012-04-01 18:15:00', 2, 2, ''),
('2012-03-31 18:00:00', 1, 2, ''),
('2012-03-31 17:15:00', 2, 2, ''),
('2012-03-31 17:00:00', 1, 2, ''),
('2012-03-31 16:45:00', 2, 2, ''),
('2012-03-31 16:30:00', 1, 2, ''),
('2012-03-31 16:15:00', 2, 2, ''),
('2012-03-31 16:00:00', 1, 2, ''),
('2012-03-31 15:45:00', 2, 2, ''),
('2012-03-31 15:30:00', 1, 2, ''),
('2012-03-31 15:15:00', 2, 2, ''),
('2012-03-31 15:00:00', 1, 2, ''),
('2012-03-31 14:15:00', 2, 2, ''),
('2012-03-31 14:00:00', 1, 2, ''),
('2012-03-31 13:15:00', 2, 2, ''),
('2012-03-31 13:00:00', 1, 2, ''),
('2012-03-31 12:15:00', 2, 2, ''),
('2012-03-31 12:00:00', 1, 2, ''),
('2012-03-31 11:15:00', 2, 2, ''),
('2012-03-31 11:00:00', 1, 2, ''),
('2012-03-31 10:15:00', 2, 2, ''),
('2012-04-01 08:00:00', 1, 2, ''),
('2012-04-01 08:15:00', 2, 2, ''),
('2012-04-01 09:00:00', 1, 2, ''),
('2012-04-01 09:15:00', 2, 2, ''),
('2012-04-01 10:00:00', 1, 2, ''),
('2012-04-01 10:15:00', 2, 2, ''),
('2012-04-01 11:00:00', 1, 2, ''),
('2012-04-01 11:15:00', 2, 2, ''),
('2012-04-01 12:00:00', 1, 2, ''),
('2012-04-01 12:15:00', 2, 2, ''),
('2012-04-01 13:00:00', 1, 2, ''),
('2012-04-01 13:15:00', 2, 2, ''),
('2012-04-01 14:00:00', 1, 2, ''),
('2012-04-01 14:15:00', 2, 2, ''),
('2012-04-01 15:00:00', 1, 2, ''),
('2012-04-01 15:15:00', 2, 2, ''),
('2012-04-01 16:00:00', 1, 2, ''),
('2012-04-01 16:15:00', 2, 2, ''),
('2012-06-04 08:00:00', 1, 1, ''),
('2012-04-01 17:00:00', 1, 2, ''),
('2012-04-01 17:15:00', 2, 2, ''),
('2012-04-01 18:00:00', 1, 2, ''),
('2012-04-07 13:15:00', 2, 2, ''),
('2012-04-07 14:00:00', 1, 2, ''),
('2012-04-07 14:15:00', 2, 2, ''),
('2012-04-07 15:00:00', 1, 2, ''),
('2012-04-07 15:15:00', 2, 2, ''),
('2012-04-07 15:30:00', 1, 2, ''),
('2012-04-07 15:45:00', 2, 2, ''),
('2012-04-07 16:00:00', 1, 2, ''),
('2012-04-07 16:15:00', 2, 2, ''),
('2012-04-07 16:30:00', 1, 2, ''),
('2012-04-07 16:45:00', 2, 2, ''),
('2012-04-07 17:00:00', 1, 2, ''),
('2012-04-07 17:15:00', 2, 2, ''),
('2012-04-07 18:00:00', 1, 2, ''),
('2012-04-07 18:15:00', 2, 2, ''),
('2012-04-07 13:00:00', 1, 2, ''),
('2012-04-07 12:15:00', 2, 2, ''),
('2012-04-07 12:00:00', 1, 2, ''),
('2012-04-07 11:15:00', 2, 2, ''),
('2012-04-07 11:00:00', 1, 2, ''),
('2012-04-07 10:15:00', 2, 2, ''),
('2012-04-07 10:00:00', 1, 2, ''),
('2012-04-07 09:45:00', 2, 2, ''),
('2012-04-07 09:30:00', 1, 2, ''),
('2012-04-07 09:15:00', 2, 2, ''),
('2012-04-07 09:00:00', 1, 2, ''),
('2012-04-07 08:45:00', 2, 2, ''),
('2012-04-07 08:30:00', 1, 2, ''),
('2012-04-07 08:15:00', 2, 2, ''),
('2012-04-07 08:00:00', 1, 2, ''),
('2012-04-08 08:00:00', 1, 2, ''),
('2012-04-08 08:15:00', 2, 2, ''),
('2012-04-08 08:30:00', 1, 2, ''),
('2012-04-08 08:45:00', 2, 2, ''),
('2012-04-08 09:00:00', 1, 2, ''),
('2012-04-08 09:15:00', 2, 2, ''),
('2012-04-08 09:30:00', 1, 2, ''),
('2012-04-08 09:45:00', 2, 2, ''),
('2012-04-08 10:00:00', 1, 2, ''),
('2012-04-08 10:15:00', 2, 2, ''),
('2012-04-08 11:00:00', 1, 2, ''),
('2012-04-08 11:15:00', 2, 2, ''),
('2012-04-08 12:00:00', 1, 2, ''),
('2012-04-08 12:15:00', 2, 2, ''),
('2012-04-08 13:00:00', 1, 2, ''),
('2012-04-08 13:15:00', 2, 2, ''),
('2012-04-08 14:00:00', 1, 2, ''),
('2012-04-08 14:15:00', 2, 2, ''),
('2012-04-08 15:00:00', 1, 2, ''),
('2012-04-08 15:15:00', 2, 2, ''),
('2012-04-08 15:30:00', 1, 2, ''),
('2012-04-08 15:45:00', 2, 2, ''),
('2012-04-08 16:00:00', 1, 2, ''),
('2012-04-08 16:15:00', 2, 2, ''),
('2012-04-08 16:30:00', 1, 2, ''),
('2012-04-08 16:45:00', 2, 2, ''),
('2012-04-08 17:00:00', 1, 2, ''),
('2012-04-08 17:15:00', 2, 2, ''),
('2012-04-08 18:00:00', 1, 2, ''),
('2012-04-08 18:15:00', 2, 2, ''),
('2012-03-31 08:15:00', 2, 2, 'Tender starts today...!'),
('2012-03-31 08:30:00', 1, 2, ''),
('2012-03-31 08:45:00', 2, 2, ''),
('2012-03-31 09:00:00', 1, 2, ''),
('2012-03-31 09:15:00', 2, 2, ''),
('2012-03-31 09:30:00', 1, 2, ''),
('2012-03-31 09:45:00', 2, 2, ''),
('2012-03-31 10:00:00', 1, 2, ''),
('2012-04-01 08:30:00', 1, 2, ''),
('2012-03-31 08:00:00', 1, 2, ''),
('2012-03-31 18:15:00', 2, 2, ''),
('2012-06-07 08:00:00', 1, 1, ''),
('2012-06-07 08:15:00', 2, 1, ''),
('2012-06-07 10:00:00', 1, 2, ''),
('2012-06-07 10:15:00', 2, 2, ''),
('2012-06-07 12:00:00', 1, 1, ''),
('2012-06-07 12:15:00', 2, 1, ''),
('2012-06-07 14:00:00', 1, 2, ''),
('2012-06-07 14:15:00', 2, 2, ''),
('2012-06-07 15:00:00', 1, 1, ''),
('2012-06-07 15:15:00', 2, 1, ''),
('2012-06-07 16:00:00', 1, 1, ''),
('2012-06-07 16:15:00', 2, 1, ''),
('2012-06-07 17:00:00', 1, 1, ''),
('2012-06-07 17:15:00', 2, 1, ''),
('2012-06-07 18:00:00', 1, 1, ''),
('2012-06-07 18:15:00', 2, 1, ''),
('2012-06-07 19:00:00', 1, 1, ''),
('2012-06-07 19:15:00', 2, 1, ''),
('2012-06-07 20:00:00', 1, 1, ''),
('2012-06-07 20:15:00', 2, 1, ''),
('2012-06-07 21:00:00', 1, 1, ''),
('2012-06-07 21:15:00', 2, 1, ''),
('2012-06-07 22:00:00', 1, 1, ''),
('2012-06-07 22:15:00', 2, 1, ''),
('2012-06-08 08:00:00', 1, 1, ''),
('2012-04-14 13:15:00', 2, 2, ''),
('2012-04-14 13:00:00', 1, 2, ''),
('2012-04-14 11:00:00', 1, 2, ''),
('2012-04-14 10:15:00', 2, 2, ''),
('2012-04-14 12:15:00', 2, 2, ''),
('2012-04-14 12:00:00', 1, 2, ''),
('2012-04-14 11:15:00', 2, 2, ''),
('2012-04-09 08:00:00', 1, 2, 'Holiday Schedule'),
('2012-04-09 08:15:00', 2, 2, ''),
('2012-04-14 10:00:00', 1, 2, ''),
('2012-04-14 09:15:00', 2, 2, ''),
('2012-04-09 09:00:00', 1, 2, ''),
('2012-04-09 09:15:00', 2, 2, ''),
('2012-04-14 09:00:00', 1, 2, ''),
('2012-04-14 08:15:00', 2, 2, ''),
('2012-04-09 10:00:00', 1, 2, ''),
('2012-04-09 10:15:00', 2, 2, ''),
('2012-04-09 11:00:00', 1, 2, ''),
('2012-04-09 11:15:00', 2, 2, ''),
('2012-04-09 12:00:00', 1, 2, ''),
('2012-04-09 12:15:00', 2, 2, ''),
('2012-04-09 13:00:00', 1, 2, ''),
('2012-04-09 13:15:00', 2, 2, ''),
('2012-04-09 14:00:00', 1, 2, ''),
('2012-04-09 14:15:00', 2, 2, ''),
('2012-04-09 15:00:00', 1, 2, ''),
('2012-04-09 15:15:00', 2, 2, ''),
('2012-04-14 08:00:00', 1, 2, ''),
('2012-06-08 08:15:00', 2, 1, ''),
('2012-04-09 16:00:00', 1, 2, ''),
('2012-04-09 16:15:00', 2, 2, ''),
('2012-04-09 17:00:00', 1, 2, ''),
('2012-04-09 17:15:00', 2, 2, ''),
('2012-04-09 18:00:00', 1, 2, ''),
('2012-04-09 18:15:00', 2, 2, ''),
('2012-04-14 14:00:00', 1, 2, ''),
('2012-04-14 14:15:00', 2, 2, ''),
('2012-04-14 15:00:00', 1, 2, ''),
('2012-04-14 15:15:00', 2, 2, ''),
('2012-04-14 16:00:00', 1, 2, ''),
('2012-04-14 16:15:00', 2, 2, ''),
('2012-04-14 17:00:00', 1, 2, ''),
('2012-04-14 17:15:00', 2, 2, ''),
('2012-04-14 18:00:00', 1, 2, ''),
('2012-04-14 18:15:00', 2, 2, ''),
('2012-06-26 19:00:00', 1, 1, ''),
('2012-06-26 18:15:00', 2, 1, ''),
('2012-06-26 18:00:00', 1, 1, ''),
('2012-06-26 17:15:00', 2, 1, ''),
('2012-06-26 17:00:00', 1, 1, ''),
('2012-06-26 16:15:00', 2, 1, ''),
('2012-04-15 08:45:00', 2, 2, ''),
('2012-04-15 08:30:00', 1, 2, ''),
('2012-04-15 08:00:00', 1, 2, ''),
('2012-04-15 08:15:00', 2, 2, ''),
('2012-04-15 09:00:00', 1, 2, ''),
('2012-04-15 09:15:00', 2, 2, ''),
('2012-04-15 10:00:00', 1, 2, ''),
('2012-04-15 10:15:00', 2, 2, ''),
('2012-04-15 11:00:00', 1, 2, ''),
('2012-04-15 11:15:00', 2, 2, ''),
('2012-04-15 12:00:00', 1, 2, ''),
('2012-04-15 12:15:00', 2, 2, ''),
('2012-04-15 13:00:00', 1, 2, ''),
('2012-04-15 13:15:00', 2, 2, ''),
('2012-04-15 14:00:00', 1, 2, ''),
('2012-04-15 14:15:00', 2, 2, ''),
('2012-04-15 15:00:00', 1, 2, ''),
('2012-04-15 15:15:00', 2, 2, ''),
('2012-04-15 16:00:00', 1, 2, ''),
('2012-04-15 16:15:00', 2, 2, ''),
('2012-04-15 17:00:00', 1, 2, ''),
('2012-04-15 17:15:00', 2, 2, ''),
('2012-04-15 18:00:00', 1, 2, ''),
('2012-04-15 18:15:00', 2, 2, ''),
('2012-06-26 16:00:00', 1, 1, ''),
('2012-06-26 15:15:00', 2, 2, ''),
('2012-06-26 15:00:00', 1, 2, ''),
('2012-06-26 14:15:00', 2, 2, ''),
('2012-06-26 14:00:00', 1, 2, ''),
('2012-06-26 12:15:00', 2, 2, ''),
('2012-06-26 12:00:00', 1, 2, ''),
('2012-06-26 10:15:00', 2, 2, ''),
('2012-04-16 08:00:00', 1, 2, ''),
('2012-04-16 08:15:00', 2, 2, ''),
('2012-04-16 10:00:00', 1, 2, ''),
('2012-04-16 10:15:00', 2, 2, ''),
('2012-04-16 12:00:00', 1, 2, ''),
('2012-04-16 12:15:00', 2, 2, ''),
('2012-04-16 14:00:00', 1, 2, ''),
('2012-04-16 14:15:00', 2, 2, ''),
('2012-04-16 16:00:00', 1, 2, ''),
('2012-04-16 16:15:00', 2, 2, ''),
('2012-04-16 17:00:00', 1, 2, ''),
('2012-04-16 17:15:00', 2, 2, ''),
('2012-04-16 18:00:00', 1, 2, ''),
('2012-04-16 18:15:00', 2, 2, ''),
('2012-04-17 08:00:00', 1, 2, ''),
('2012-04-17 08:15:00', 2, 2, ''),
('2012-04-17 10:00:00', 1, 2, ''),
('2012-04-17 10:15:00', 2, 2, ''),
('2012-04-17 12:00:00', 1, 2, ''),
('2012-04-17 12:15:00', 2, 2, ''),
('2012-04-17 14:00:00', 1, 2, ''),
('2012-04-17 14:15:00', 2, 2, ''),
('2012-04-17 16:00:00', 1, 2, ''),
('2012-04-17 16:15:00', 2, 2, ''),
('2012-04-17 17:00:00', 1, 2, ''),
('2012-04-17 17:15:00', 2, 2, ''),
('2012-04-17 18:00:00', 1, 2, ''),
('2012-04-17 18:15:00', 2, 2, ''),
('2012-04-18 08:00:00', 1, 2, ''),
('2012-04-18 08:15:00', 2, 2, ''),
('2012-04-18 10:00:00', 1, 2, ''),
('2012-04-18 10:15:00', 2, 2, ''),
('2012-04-18 12:00:00', 1, 2, ''),
('2012-04-18 12:15:00', 2, 2, ''),
('2012-04-18 14:00:00', 1, 2, ''),
('2012-04-18 14:15:00', 2, 2, ''),
('2012-04-18 16:00:00', 1, 2, ''),
('2012-04-18 16:15:00', 2, 2, ''),
('2012-04-18 17:00:00', 1, 2, ''),
('2012-04-18 17:15:00', 2, 2, ''),
('2012-04-18 18:00:00', 1, 2, ''),
('2012-04-18 18:15:00', 2, 2, ''),
('2012-04-19 08:00:00', 1, 2, ''),
('2012-04-19 08:15:00', 2, 2, ''),
('2012-04-19 10:00:00', 1, 2, ''),
('2012-04-19 10:15:00', 2, 2, ''),
('2012-04-19 12:00:00', 1, 2, ''),
('2012-04-19 12:15:00', 2, 2, ''),
('2012-04-19 14:00:00', 1, 2, ''),
('2012-04-19 14:15:00', 2, 2, ''),
('2012-04-19 16:00:00', 1, 2, ''),
('2012-04-19 16:15:00', 2, 2, ''),
('2012-04-19 17:00:00', 1, 2, ''),
('2012-04-19 17:15:00', 2, 2, ''),
('2012-04-19 18:00:00', 1, 2, ''),
('2012-04-19 18:15:00', 2, 2, ''),
('2012-04-20 08:00:00', 1, 2, ''),
('2012-04-20 08:15:00', 2, 2, ''),
('2012-06-26 10:00:00', 1, 2, ''),
('2012-06-26 08:15:00', 2, 1, ''),
('2012-04-20 10:00:00', 1, 2, ''),
('2012-04-20 10:15:00', 2, 2, ''),
('2012-04-20 12:00:00', 1, 2, ''),
('2012-04-20 12:15:00', 2, 2, ''),
('2012-04-20 14:00:00', 1, 2, ''),
('2012-04-20 14:15:00', 2, 2, ''),
('2012-04-20 16:00:00', 1, 2, ''),
('2012-04-20 16:15:00', 2, 2, ''),
('2012-04-20 17:00:00', 1, 2, ''),
('2012-04-20 17:15:00', 2, 2, ''),
('2012-04-20 18:00:00', 1, 2, ''),
('2012-04-20 18:15:00', 2, 2, ''),
('2012-04-21 07:00:00', 1, 1, ''),
('2012-04-21 07:15:00', 2, 1, 'Launch Schedule'),
('2012-04-21 07:30:00', 1, 1, ''),
('2012-04-21 07:45:00', 2, 1, ''),
('2012-04-21 08:00:00', 1, 1, ''),
('2012-04-21 08:15:00', 2, 1, ''),
('2012-04-21 08:30:00', 1, 1, ''),
('2012-04-21 08:45:00', 2, 1, ''),
('2012-04-21 09:00:00', 1, 1, ''),
('2012-04-21 09:15:00', 2, 1, ''),
('2012-04-21 10:00:00', 1, 1, ''),
('2012-04-21 10:15:00', 2, 1, ''),
('2012-04-21 11:00:00', 1, 1, ''),
('2012-04-21 11:15:00', 2, 1, ''),
('2012-04-21 12:00:00', 1, 1, ''),
('2012-04-21 12:15:00', 2, 1, ''),
('2012-04-21 13:00:00', 1, 1, ''),
('2012-04-21 13:15:00', 2, 1, ''),
('2012-04-21 14:00:00', 1, 1, ''),
('2012-04-21 14:15:00', 2, 1, ''),
('2012-04-21 15:00:00', 1, 1, ''),
('2012-04-21 15:15:00', 2, 1, ''),
('2012-04-21 16:00:00', 1, 1, ''),
('2012-04-21 16:15:00', 2, 1, ''),
('2012-04-21 17:00:00', 1, 1, ''),
('2012-04-21 17:15:00', 2, 1, ''),
('2012-04-21 18:00:00', 1, 1, ''),
('2012-04-21 18:15:00', 2, 1, ''),
('2012-04-21 19:00:00', 1, 1, ''),
('2012-04-21 19:15:00', 2, 1, ''),
('2012-04-21 20:00:00', 1, 1, ''),
('2012-04-21 20:15:00', 2, 1, ''),
('2012-04-21 21:00:00', 1, 1, ''),
('2012-04-21 21:15:00', 2, 1, ''),
('2012-04-21 22:00:00', 1, 1, ''),
('2012-04-21 22:15:00', 2, 1, ''),
('2012-04-22 07:00:00', 1, 1, ''),
('2012-04-22 07:15:00', 2, 1, 'Launch Schedule'),
('2012-04-22 07:30:00', 1, 1, ''),
('2012-04-22 07:45:00', 2, 1, ''),
('2012-04-22 08:00:00', 1, 1, ''),
('2012-04-22 08:15:00', 2, 1, ''),
('2012-04-22 08:30:00', 1, 1, ''),
('2012-04-22 08:45:00', 2, 1, ''),
('2012-04-22 09:00:00', 1, 1, ''),
('2012-04-22 09:15:00', 2, 1, ''),
('2012-04-22 10:00:00', 1, 1, ''),
('2012-04-22 10:15:00', 2, 1, ''),
('2012-04-22 11:00:00', 1, 1, ''),
('2012-04-22 11:15:00', 2, 1, ''),
('2012-04-22 12:00:00', 1, 1, ''),
('2012-04-22 12:15:00', 2, 1, ''),
('2012-04-22 13:00:00', 1, 1, ''),
('2012-04-22 13:15:00', 2, 1, ''),
('2012-04-22 14:00:00', 1, 1, ''),
('2012-04-22 14:15:00', 2, 1, ''),
('2012-04-22 15:00:00', 1, 1, ''),
('2012-04-22 15:15:00', 2, 1, ''),
('2012-04-22 16:00:00', 1, 1, ''),
('2012-04-22 16:15:00', 2, 1, ''),
('2012-04-22 17:00:00', 1, 1, ''),
('2012-04-22 17:15:00', 2, 1, ''),
('2012-04-22 18:00:00', 1, 1, ''),
('2012-04-22 18:15:00', 2, 1, ''),
('2012-04-22 19:00:00', 1, 1, ''),
('2012-04-22 19:15:00', 2, 1, ''),
('2012-04-22 20:00:00', 1, 1, ''),
('2012-04-22 20:15:00', 2, 1, ''),
('2012-04-22 21:00:00', 1, 1, ''),
('2012-04-22 21:15:00', 2, 1, ''),
('2012-04-22 22:00:00', 1, 1, ''),
('2012-04-22 22:15:00', 2, 1, ''),
('2012-04-23 08:00:00', 1, 2, ''),
('2012-04-23 08:15:00', 2, 2, ''),
('2012-04-23 10:00:00', 1, 2, ''),
('2012-04-23 10:15:00', 2, 2, ''),
('2012-04-23 12:00:00', 1, 2, ''),
('2012-04-23 12:15:00', 2, 2, ''),
('2012-04-23 14:00:00', 1, 2, ''),
('2012-04-23 14:15:00', 2, 2, ''),
('2012-04-23 16:00:00', 1, 2, ''),
('2012-04-23 16:15:00', 2, 2, ''),
('2012-04-23 17:00:00', 1, 2, ''),
('2012-04-23 17:15:00', 2, 2, ''),
('2012-04-23 18:00:00', 1, 2, ''),
('2012-04-23 18:15:00', 2, 2, ''),
('2012-04-24 08:00:00', 1, 2, ''),
('2012-04-24 08:15:00', 2, 2, ''),
('2012-04-24 10:00:00', 1, 2, ''),
('2012-04-24 10:15:00', 2, 2, ''),
('2012-04-24 12:00:00', 1, 2, ''),
('2012-04-24 12:15:00', 2, 2, ''),
('2012-04-24 14:00:00', 1, 2, ''),
('2012-04-24 14:15:00', 2, 2, ''),
('2012-04-24 16:00:00', 1, 2, ''),
('2012-04-24 16:15:00', 2, 2, ''),
('2012-04-24 17:00:00', 1, 2, ''),
('2012-04-24 17:15:00', 2, 2, ''),
('2012-04-24 18:00:00', 1, 2, ''),
('2012-04-24 18:15:00', 2, 2, ''),
('2012-04-25 08:00:00', 1, 2, ''),
('2012-04-25 08:15:00', 2, 2, ''),
('2012-04-25 10:00:00', 1, 2, ''),
('2012-04-25 10:15:00', 2, 2, ''),
('2012-04-25 12:00:00', 1, 2, ''),
('2012-04-25 12:15:00', 2, 2, ''),
('2012-04-25 14:00:00', 1, 2, ''),
('2012-04-25 14:15:00', 2, 2, ''),
('2012-04-25 16:00:00', 1, 2, ''),
('2012-04-25 16:15:00', 2, 2, ''),
('2012-04-25 17:00:00', 1, 2, ''),
('2012-04-25 17:15:00', 2, 2, ''),
('2012-04-25 18:00:00', 1, 2, ''),
('2012-04-25 18:15:00', 2, 2, ''),
('2012-04-26 08:00:00', 1, 2, ''),
('2012-04-26 08:15:00', 2, 2, ''),
('2012-04-26 10:00:00', 1, 2, ''),
('2012-04-26 10:15:00', 2, 2, ''),
('2012-04-26 12:00:00', 1, 2, ''),
('2012-04-26 12:15:00', 2, 2, ''),
('2012-04-26 14:00:00', 1, 2, ''),
('2012-04-26 14:15:00', 2, 2, ''),
('2012-04-26 16:00:00', 1, 2, ''),
('2012-04-26 16:15:00', 2, 2, ''),
('2012-04-26 17:00:00', 1, 2, ''),
('2012-04-26 17:15:00', 2, 2, ''),
('2012-04-26 18:00:00', 1, 2, ''),
('2012-04-26 18:15:00', 2, 2, ''),
('2012-04-27 08:00:00', 1, 2, ''),
('2012-04-27 08:15:00', 2, 2, ''),
('2012-06-26 08:00:00', 1, 1, ''),
('2012-06-25 22:15:00', 2, 1, ''),
('2012-04-27 10:00:00', 1, 2, ''),
('2012-04-27 10:15:00', 2, 2, ''),
('2012-04-27 12:00:00', 1, 2, ''),
('2012-04-27 12:15:00', 2, 2, ''),
('2012-04-27 14:00:00', 1, 2, ''),
('2012-04-27 14:15:00', 2, 2, ''),
('2012-04-27 16:00:00', 1, 2, ''),
('2012-04-27 16:15:00', 2, 2, ''),
('2012-04-27 17:00:00', 1, 2, ''),
('2012-04-27 17:15:00', 2, 2, ''),
('2012-04-27 18:00:00', 1, 2, ''),
('2012-04-27 18:15:00', 2, 2, ''),
('2012-06-25 22:00:00', 1, 1, ''),
('2012-06-25 21:15:00', 2, 1, ''),
('2012-06-25 21:00:00', 1, 1, ''),
('2012-06-25 20:15:00', 2, 1, ''),
('2012-06-25 20:00:00', 1, 1, ''),
('2012-06-25 19:15:00', 2, 1, ''),
('2012-06-25 19:00:00', 1, 1, ''),
('2012-06-25 18:15:00', 2, 1, ''),
('2012-04-28 07:00:00', 1, 1, ''),
('2012-04-29 00:15:00', 2, 1, ''),
('2012-04-29 00:00:00', 1, 1, ''),
('2012-04-28 08:00:00', 1, 1, ''),
('2012-04-28 08:15:00', 2, 1, ''),
('2012-04-28 23:15:00', 2, 1, ''),
('2012-04-28 23:00:00', 1, 1, ''),
('2012-04-28 09:00:00', 1, 1, ''),
('2012-04-28 09:15:00', 2, 1, ''),
('2012-04-28 10:00:00', 1, 1, ''),
('2012-04-28 10:15:00', 2, 1, ''),
('2012-04-28 11:00:00', 1, 1, ''),
('2012-04-28 11:15:00', 2, 1, ''),
('2012-04-28 12:00:00', 1, 1, ''),
('2012-04-28 12:15:00', 2, 1, ''),
('2012-04-28 13:00:00', 1, 1, ''),
('2012-04-28 13:15:00', 2, 1, ''),
('2012-04-28 14:00:00', 1, 1, ''),
('2012-04-28 14:15:00', 2, 1, ''),
('2012-04-28 15:00:00', 1, 1, ''),
('2012-04-28 15:15:00', 2, 1, ''),
('2012-04-28 16:00:00', 1, 1, ''),
('2012-04-28 16:15:00', 2, 1, ''),
('2012-04-28 17:00:00', 1, 1, ''),
('2012-04-28 17:15:00', 2, 1, ''),
('2012-04-28 18:00:00', 1, 1, ''),
('2012-04-28 18:15:00', 2, 1, ''),
('2012-04-28 19:00:00', 1, 1, ''),
('2012-04-28 19:15:00', 2, 1, ''),
('2012-04-28 20:00:00', 1, 1, ''),
('2012-04-28 20:15:00', 2, 1, ''),
('2012-04-28 21:00:00', 1, 1, ''),
('2012-04-28 21:15:00', 2, 1, ''),
('2012-04-28 22:00:00', 1, 1, ''),
('2012-04-28 22:15:00', 2, 1, ''),
('2012-04-29 08:00:00', 1, 1, ''),
('2012-04-29 08:15:00', 2, 1, ''),
('2012-04-29 09:00:00', 1, 1, ''),
('2012-04-29 09:15:00', 2, 1, ''),
('2012-04-29 10:00:00', 1, 1, ''),
('2012-04-29 10:15:00', 2, 1, ''),
('2012-04-29 11:00:00', 1, 1, ''),
('2012-04-29 11:15:00', 2, 1, ''),
('2012-04-29 12:00:00', 1, 1, ''),
('2012-04-29 12:15:00', 2, 1, ''),
('2012-04-29 13:00:00', 1, 1, ''),
('2012-04-29 13:15:00', 2, 1, ''),
('2012-04-29 14:00:00', 1, 1, ''),
('2012-04-29 14:15:00', 2, 1, ''),
('2012-04-29 15:00:00', 1, 1, ''),
('2012-04-29 15:15:00', 2, 1, ''),
('2012-04-29 16:00:00', 1, 1, ''),
('2012-04-29 16:15:00', 2, 1, ''),
('2012-04-29 17:00:00', 1, 1, ''),
('2012-04-29 17:15:00', 2, 1, ''),
('2012-04-29 18:00:00', 1, 1, ''),
('2012-04-29 18:15:00', 2, 1, ''),
('2012-04-29 19:00:00', 1, 1, ''),
('2012-04-29 19:15:00', 2, 1, ''),
('2012-04-29 20:00:00', 1, 1, ''),
('2012-04-29 20:15:00', 2, 1, ''),
('2012-04-29 21:00:00', 1, 1, ''),
('2012-04-29 21:15:00', 2, 1, ''),
('2012-04-29 22:00:00', 1, 1, ''),
('2012-04-29 22:15:00', 2, 1, ''),
('2012-04-30 08:00:00', 1, 1, ''),
('2012-04-30 08:15:00', 2, 1, ''),
('2012-04-30 10:00:00', 1, 2, ''),
('2012-04-30 10:15:00', 2, 2, ''),
('2012-04-30 12:00:00', 1, 2, ''),
('2012-04-30 12:15:00', 2, 2, ''),
('2012-04-30 14:00:00', 1, 2, ''),
('2012-04-30 14:15:00', 2, 2, ''),
('2012-04-30 16:00:00', 1, 1, ''),
('2012-04-30 16:15:00', 2, 1, ''),
('2012-04-30 17:00:00', 1, 1, ''),
('2012-04-30 17:15:00', 2, 1, ''),
('2012-04-30 18:00:00', 1, 1, ''),
('2012-04-30 18:15:00', 2, 1, ''),
('2012-05-01 08:00:00', 1, 1, ''),
('2012-05-01 08:15:00', 2, 1, ''),
('2012-05-01 10:00:00', 1, 2, ''),
('2012-05-01 10:15:00', 2, 2, ''),
('2012-05-01 12:00:00', 1, 2, ''),
('2012-05-01 12:15:00', 2, 2, ''),
('2012-05-01 14:00:00', 1, 2, ''),
('2012-05-01 14:15:00', 2, 2, ''),
('2012-05-01 16:00:00', 1, 1, ''),
('2012-05-01 16:15:00', 2, 1, ''),
('2012-05-01 17:00:00', 1, 1, ''),
('2012-05-01 17:15:00', 2, 1, ''),
('2012-05-01 18:00:00', 1, 1, ''),
('2012-05-01 18:15:00', 2, 1, ''),
('2012-05-02 08:00:00', 1, 1, ''),
('2012-05-02 08:15:00', 2, 1, ''),
('2012-05-02 10:00:00', 1, 2, ''),
('2012-05-02 10:15:00', 2, 2, ''),
('2012-05-02 12:00:00', 1, 2, ''),
('2012-05-02 12:15:00', 2, 2, ''),
('2012-05-02 14:00:00', 1, 2, ''),
('2012-05-02 14:15:00', 2, 2, ''),
('2012-05-02 16:00:00', 1, 1, ''),
('2012-05-02 16:15:00', 2, 1, ''),
('2012-05-02 17:00:00', 1, 1, ''),
('2012-05-02 17:15:00', 2, 1, ''),
('2012-05-02 18:00:00', 1, 1, ''),
('2012-05-02 18:15:00', 2, 1, ''),
('2012-05-03 08:00:00', 1, 1, ''),
('2012-05-03 08:15:00', 2, 1, ''),
('2012-05-03 10:00:00', 1, 2, ''),
('2012-05-03 10:15:00', 2, 2, ''),
('2012-05-03 12:00:00', 1, 1, ''),
('2012-05-03 12:15:00', 2, 1, ''),
('2012-05-03 14:00:00', 1, 2, ''),
('2012-05-03 14:15:00', 2, 2, ''),
('2012-05-03 16:00:00', 1, 1, ''),
('2012-05-03 16:15:00', 2, 1, ''),
('2012-05-03 17:00:00', 1, 1, ''),
('2012-05-03 17:15:00', 2, 1, ''),
('2012-05-03 18:00:00', 1, 1, ''),
('2012-05-03 18:15:00', 2, 1, ''),
('2012-04-30 15:00:00', 1, 2, ''),
('2012-04-30 15:15:00', 2, 2, ''),
('2012-04-30 19:00:00', 1, 1, ''),
('2012-04-30 19:15:00', 2, 1, ''),
('2012-04-30 20:00:00', 1, 1, ''),
('2012-04-30 20:15:00', 2, 1, ''),
('2012-04-30 21:00:00', 1, 1, ''),
('2012-04-30 21:15:00', 2, 1, ''),
('2012-04-30 22:00:00', 1, 1, ''),
('2012-04-30 22:15:00', 2, 1, ''),
('2012-05-01 15:00:00', 1, 2, ''),
('2012-05-01 15:15:00', 2, 2, ''),
('2012-05-01 19:00:00', 1, 1, ''),
('2012-05-01 19:15:00', 2, 1, ''),
('2012-05-01 20:00:00', 1, 1, ''),
('2012-05-01 20:15:00', 2, 1, ''),
('2012-05-01 21:00:00', 1, 1, ''),
('2012-05-01 21:15:00', 2, 1, ''),
('2012-05-01 22:00:00', 1, 1, ''),
('2012-05-01 22:15:00', 2, 1, ''),
('2012-05-02 15:00:00', 1, 1, ''),
('2012-05-02 15:15:00', 2, 1, ''),
('2012-05-02 19:00:00', 1, 1, ''),
('2012-05-02 19:15:00', 2, 1, ''),
('2012-05-02 20:00:00', 1, 1, ''),
('2012-05-02 20:15:00', 2, 1, ''),
('2012-05-02 21:00:00', 1, 1, ''),
('2012-05-02 21:15:00', 2, 1, ''),
('2012-05-02 22:00:00', 1, 1, ''),
('2012-05-02 22:15:00', 2, 1, ''),
('2012-05-02 11:00:00', 1, 2, ''),
('2012-05-02 11:15:00', 2, 2, ''),
('2012-06-25 18:00:00', 1, 1, ''),
('2012-06-25 17:15:00', 2, 1, ''),
('2012-06-25 17:00:00', 1, 1, ''),
('2012-06-25 16:15:00', 2, 1, ''),
('2012-06-25 16:00:00', 1, 1, ''),
('2012-06-25 15:15:00', 2, 2, ''),
('2012-06-25 15:00:00', 1, 2, ''),
('2012-06-25 14:15:00', 2, 2, ''),
('2012-06-25 14:00:00', 1, 2, ''),
('2012-06-25 12:15:00', 2, 2, ''),
('2012-06-25 12:00:00', 1, 2, ''),
('2012-06-25 10:15:00', 2, 2, ''),
('2012-05-03 15:00:00', 1, 1, ''),
('2012-05-03 15:15:00', 2, 1, ''),
('2012-05-03 19:00:00', 1, 1, ''),
('2012-05-03 19:15:00', 2, 1, ''),
('2012-05-03 20:00:00', 1, 1, ''),
('2012-05-03 20:15:00', 2, 1, ''),
('2012-05-03 21:00:00', 1, 1, ''),
('2012-05-03 21:15:00', 2, 1, ''),
('2012-05-03 22:00:00', 1, 1, ''),
('2012-05-03 22:15:00', 2, 1, ''),
('2012-05-04 08:00:00', 1, 1, ''),
('2012-05-04 08:15:00', 2, 1, ''),
('2012-05-04 10:00:00', 1, 2, ''),
('2012-05-04 10:15:00', 2, 2, ''),
('2012-05-04 11:00:00', 1, 2, ''),
('2012-05-04 11:15:00', 2, 2, ''),
('2012-05-04 12:00:00', 1, 1, ''),
('2012-05-04 12:15:00', 2, 1, ''),
('2012-05-04 13:00:00', 1, 1, ''),
('2012-05-04 13:15:00', 2, 1, ''),
('2012-05-04 14:00:00', 1, 1, ''),
('2012-05-04 14:15:00', 2, 1, ''),
('2012-05-04 15:00:00', 1, 1, ''),
('2012-05-04 15:15:00', 2, 1, ''),
('2012-05-04 16:00:00', 1, 1, ''),
('2012-05-04 16:15:00', 2, 1, ''),
('2012-05-04 16:30:00', 1, 1, ''),
('2012-05-04 16:45:00', 2, 1, ''),
('2012-05-04 17:00:00', 1, 1, ''),
('2012-05-04 17:15:00', 2, 1, ''),
('2012-05-04 17:30:00', 1, 1, ''),
('2012-05-04 17:45:00', 2, 1, ''),
('2012-05-04 18:00:00', 1, 1, ''),
('2012-05-04 18:15:00', 2, 1, ''),
('2012-05-04 19:00:00', 1, 1, ''),
('2012-05-04 19:15:00', 2, 1, ''),
('2012-05-04 20:00:00', 1, 1, ''),
('2012-05-04 20:15:00', 2, 1, ''),
('2012-05-04 21:00:00', 1, 1, ''),
('2012-05-04 21:15:00', 2, 1, ''),
('2012-05-04 22:00:00', 1, 1, ''),
('2012-05-04 22:15:00', 2, 1, ''),
('2012-05-04 23:00:00', 1, 1, ''),
('2012-05-04 23:15:00', 2, 1, ''),
('2012-05-05 00:00:00', 1, 1, ''),
('2012-05-05 00:15:00', 2, 1, ''),
('2012-05-05 08:00:00', 1, 1, ''),
('2012-05-05 08:15:00', 2, 1, ''),
('2012-05-05 09:00:00', 1, 1, ''),
('2012-05-05 09:15:00', 2, 1, ''),
('2012-05-05 10:00:00', 1, 1, ''),
('2012-05-05 10:15:00', 2, 1, ''),
('2012-05-05 11:00:00', 1, 1, ''),
('2012-05-05 11:15:00', 2, 1, ''),
('2012-05-05 12:00:00', 1, 1, ''),
('2012-05-05 12:15:00', 2, 1, ''),
('2012-05-05 13:00:00', 1, 1, ''),
('2012-05-05 13:15:00', 2, 1, ''),
('2012-05-05 14:00:00', 1, 1, ''),
('2012-05-05 14:15:00', 2, 1, ''),
('2012-05-05 15:00:00', 1, 1, ''),
('2012-05-05 15:15:00', 2, 1, ''),
('2012-05-05 16:00:00', 1, 1, ''),
('2012-05-05 16:15:00', 2, 1, ''),
('2012-05-05 17:00:00', 1, 1, ''),
('2012-05-05 17:15:00', 2, 1, ''),
('2012-05-05 18:00:00', 1, 1, ''),
('2012-05-05 18:15:00', 2, 1, ''),
('2012-05-05 19:00:00', 1, 1, ''),
('2012-05-05 19:15:00', 2, 1, ''),
('2012-05-05 20:00:00', 1, 1, ''),
('2012-05-05 20:15:00', 2, 1, ''),
('2012-05-05 21:00:00', 1, 1, ''),
('2012-05-05 21:15:00', 2, 1, ''),
('2012-05-05 22:00:00', 1, 1, ''),
('2012-05-05 22:15:00', 2, 1, ''),
('2012-05-05 23:00:00', 1, 1, ''),
('2012-05-05 23:15:00', 2, 1, ''),
('2012-05-06 00:00:00', 1, 1, ''),
('2012-05-06 00:15:00', 2, 1, ''),
('2012-05-06 08:00:00', 1, 1, ''),
('2012-05-06 08:15:00', 2, 1, ''),
('2012-05-06 09:00:00', 1, 1, ''),
('2012-05-06 09:15:00', 2, 1, ''),
('2012-05-06 10:00:00', 1, 1, ''),
('2012-05-06 10:15:00', 2, 1, ''),
('2012-05-06 11:00:00', 1, 1, ''),
('2012-05-06 11:15:00', 2, 1, ''),
('2012-05-06 12:00:00', 1, 1, ''),
('2012-05-06 12:15:00', 2, 1, ''),
('2012-05-06 13:00:00', 1, 1, ''),
('2012-05-06 13:15:00', 2, 1, ''),
('2012-05-06 14:00:00', 1, 1, ''),
('2012-05-06 14:15:00', 2, 1, ''),
('2012-05-06 15:00:00', 1, 1, ''),
('2012-05-06 15:15:00', 2, 1, ''),
('2012-05-06 16:00:00', 1, 1, ''),
('2012-05-06 16:15:00', 2, 1, ''),
('2012-05-06 17:00:00', 1, 1, ''),
('2012-05-06 17:15:00', 2, 1, ''),
('2012-05-06 18:00:00', 1, 1, ''),
('2012-05-06 18:15:00', 2, 1, ''),
('2012-05-06 19:00:00', 1, 1, ''),
('2012-05-06 19:15:00', 2, 1, ''),
('2012-05-06 20:00:00', 1, 1, ''),
('2012-05-06 20:15:00', 2, 1, ''),
('2012-05-06 21:00:00', 1, 1, ''),
('2012-05-06 21:15:00', 2, 1, ''),
('2012-05-06 22:00:00', 1, 1, ''),
('2012-05-06 22:15:00', 2, 1, ''),
('2012-05-14 08:15:00', 2, 1, ''),
('2012-05-14 08:00:00', 1, 1, ''),
('2012-05-07 08:00:00', 1, 1, ''),
('2012-05-07 08:15:00', 2, 1, ''),
('2012-05-07 10:00:00', 1, 2, ''),
('2012-05-07 10:15:00', 2, 2, ''),
('2012-05-07 12:00:00', 1, 2, ''),
('2012-05-07 12:15:00', 2, 2, ''),
('2012-05-07 14:00:00', 1, 2, ''),
('2012-05-07 14:15:00', 2, 2, ''),
('2012-05-07 15:00:00', 1, 2, ''),
('2012-05-07 15:15:00', 2, 2, ''),
('2012-05-07 16:00:00', 1, 1, ''),
('2012-05-07 16:15:00', 2, 1, ''),
('2012-05-07 17:00:00', 1, 1, ''),
('2012-05-07 17:15:00', 2, 1, ''),
('2012-05-07 18:00:00', 1, 1, ''),
('2012-05-07 18:15:00', 2, 1, ''),
('2012-05-07 19:00:00', 1, 1, ''),
('2012-05-07 19:15:00', 2, 1, ''),
('2012-05-07 20:00:00', 1, 1, ''),
('2012-05-07 20:15:00', 2, 1, ''),
('2012-05-07 21:00:00', 1, 1, ''),
('2012-05-07 21:15:00', 2, 1, ''),
('2012-05-07 22:00:00', 1, 1, ''),
('2012-05-07 22:15:00', 2, 1, ''),
('2012-05-08 08:00:00', 1, 1, ''),
('2012-05-08 08:15:00', 2, 1, ''),
('2012-05-08 10:00:00', 1, 2, ''),
('2012-05-08 10:15:00', 2, 2, ''),
('2012-05-08 12:00:00', 1, 2, ''),
('2012-05-08 12:15:00', 2, 2, ''),
('2012-05-08 14:00:00', 1, 2, ''),
('2012-05-08 14:15:00', 2, 2, ''),
('2012-05-08 15:00:00', 1, 2, ''),
('2012-05-08 15:15:00', 2, 2, ''),
('2012-05-08 16:00:00', 1, 1, ''),
('2012-05-08 16:15:00', 2, 1, ''),
('2012-05-08 17:00:00', 1, 1, ''),
('2012-05-08 17:15:00', 2, 1, ''),
('2012-05-08 18:00:00', 1, 1, ''),
('2012-05-08 18:15:00', 2, 1, ''),
('2012-05-08 19:00:00', 1, 1, ''),
('2012-05-08 19:15:00', 2, 1, ''),
('2012-05-08 20:00:00', 1, 1, ''),
('2012-05-08 20:15:00', 2, 1, ''),
('2012-05-08 21:00:00', 1, 1, ''),
('2012-05-08 21:15:00', 2, 1, ''),
('2012-05-08 22:00:00', 1, 1, ''),
('2012-05-08 22:15:00', 2, 1, ''),
('2012-05-09 08:00:00', 1, 1, ''),
('2012-05-09 08:15:00', 2, 1, ''),
('2012-05-09 10:00:00', 1, 2, ''),
('2012-05-09 10:15:00', 2, 2, ''),
('2012-05-09 11:00:00', 1, 2, ''),
('2012-05-09 11:15:00', 2, 2, ''),
('2012-05-09 12:00:00', 1, 2, ''),
('2012-05-09 12:15:00', 2, 2, ''),
('2012-06-25 10:00:00', 1, 2, ''),
('2012-06-13 15:45:00', 2, 1, ''),
('2012-05-09 14:00:00', 1, 2, ''),
('2012-05-09 14:15:00', 2, 2, ''),
('2012-05-09 15:00:00', 1, 1, ''),
('2012-05-09 15:15:00', 2, 1, ''),
('2012-05-09 16:00:00', 1, 1, ''),
('2012-05-09 16:15:00', 2, 1, ''),
('2012-06-13 15:30:00', 1, 1, ''),
('2012-05-30 15:45:00', 2, 1, ''),
('2012-05-09 17:00:00', 1, 1, ''),
('2012-05-09 17:15:00', 2, 1, ''),
('2012-05-30 15:30:00', 1, 1, ''),
('2012-05-23 22:45:00', 2, 1, ''),
('2012-05-09 18:00:00', 1, 1, ''),
('2012-05-09 18:15:00', 2, 1, ''),
('2012-05-09 19:00:00', 1, 1, ''),
('2012-05-09 19:15:00', 2, 1, ''),
('2012-05-09 20:00:00', 1, 1, ''),
('2012-05-09 20:15:00', 2, 1, ''),
('2012-05-09 21:00:00', 1, 1, ''),
('2012-05-09 21:15:00', 2, 1, ''),
('2012-05-23 22:30:00', 1, 1, ''),
('2012-05-16 15:45:00', 2, 1, ''),
('2012-05-09 22:00:00', 1, 1, ''),
('2012-05-09 22:15:00', 2, 1, ''),
('2012-05-16 15:30:00', 1, 1, ''),
('2012-05-10 08:00:00', 1, 1, ''),
('2012-05-10 08:15:00', 2, 1, ''),
('2012-05-10 10:00:00', 1, 2, ''),
('2012-05-10 10:15:00', 2, 2, ''),
('2012-05-10 12:00:00', 1, 1, ''),
('2012-05-10 12:15:00', 2, 1, ''),
('2012-05-10 14:00:00', 1, 2, ''),
('2012-05-10 14:15:00', 2, 2, ''),
('2012-05-10 15:00:00', 1, 1, ''),
('2012-05-10 15:15:00', 2, 1, ''),
('2012-05-10 16:00:00', 1, 1, ''),
('2012-05-10 16:15:00', 2, 1, ''),
('2012-05-10 17:00:00', 1, 1, ''),
('2012-05-10 17:15:00', 2, 1, ''),
('2012-05-10 18:00:00', 1, 1, ''),
('2012-05-10 18:15:00', 2, 1, ''),
('2012-05-10 19:00:00', 1, 1, ''),
('2012-05-10 19:15:00', 2, 1, ''),
('2012-05-10 20:00:00', 1, 1, ''),
('2012-05-10 20:15:00', 2, 1, ''),
('2012-05-10 21:00:00', 1, 1, ''),
('2012-05-10 21:15:00', 2, 1, ''),
('2012-05-10 22:00:00', 1, 1, ''),
('2012-05-10 22:15:00', 2, 1, ''),
('2012-05-11 08:00:00', 1, 1, ''),
('2012-05-11 08:15:00', 2, 1, ''),
('2012-05-11 10:00:00', 1, 2, ''),
('2012-05-11 10:15:00', 2, 2, ''),
('2012-05-11 11:00:00', 1, 2, ''),
('2012-05-11 11:15:00', 2, 2, ''),
('2012-05-11 12:00:00', 1, 1, ''),
('2012-05-11 12:15:00', 2, 1, ''),
('2012-05-11 13:00:00', 1, 1, ''),
('2012-05-11 13:15:00', 2, 1, ''),
('2012-05-11 14:00:00', 1, 1, ''),
('2012-05-11 14:15:00', 2, 1, ''),
('2012-05-11 15:00:00', 1, 1, ''),
('2012-05-11 15:15:00', 2, 1, ''),
('2012-05-11 16:00:00', 1, 1, ''),
('2012-05-11 16:15:00', 2, 1, ''),
('2012-05-11 16:30:00', 1, 1, ''),
('2012-05-11 16:45:00', 2, 1, ''),
('2012-05-11 17:00:00', 1, 1, ''),
('2012-05-11 17:15:00', 2, 1, ''),
('2012-05-11 17:30:00', 1, 1, ''),
('2012-05-11 17:45:00', 2, 1, ''),
('2012-05-11 18:00:00', 1, 1, ''),
('2012-05-11 18:15:00', 2, 1, ''),
('2012-05-11 19:00:00', 1, 1, ''),
('2012-05-11 19:15:00', 2, 1, ''),
('2012-05-11 20:00:00', 1, 1, ''),
('2012-05-11 20:15:00', 2, 1, ''),
('2012-05-11 21:00:00', 1, 1, ''),
('2012-05-11 21:15:00', 2, 1, ''),
('2012-05-11 22:00:00', 1, 1, ''),
('2012-05-11 22:15:00', 2, 1, ''),
('2012-05-11 23:00:00', 1, 1, ''),
('2012-05-11 23:15:00', 2, 1, ''),
('2012-05-12 00:00:00', 1, 1, ''),
('2012-05-12 00:15:00', 2, 1, ''),
('2012-05-12 08:00:00', 1, 1, ''),
('2012-05-12 08:15:00', 2, 1, ''),
('2012-05-12 09:00:00', 1, 1, ''),
('2012-05-12 09:15:00', 2, 1, ''),
('2012-05-12 10:00:00', 1, 1, ''),
('2012-05-12 10:15:00', 2, 1, ''),
('2012-05-12 11:00:00', 1, 1, ''),
('2012-05-12 11:15:00', 2, 1, ''),
('2012-05-12 12:00:00', 1, 1, ''),
('2012-05-12 12:15:00', 2, 1, ''),
('2012-05-12 13:00:00', 1, 1, ''),
('2012-05-12 13:15:00', 2, 1, ''),
('2012-05-12 14:00:00', 1, 1, ''),
('2012-05-12 14:15:00', 2, 1, ''),
('2012-05-12 15:00:00', 1, 1, ''),
('2012-05-12 15:15:00', 2, 1, ''),
('2012-05-12 16:00:00', 1, 1, ''),
('2012-05-12 16:15:00', 2, 1, ''),
('2012-05-12 17:00:00', 1, 1, ''),
('2012-05-12 17:15:00', 2, 1, ''),
('2012-05-12 18:00:00', 1, 1, ''),
('2012-05-12 18:15:00', 2, 1, ''),
('2012-05-12 19:00:00', 1, 1, ''),
('2012-05-12 19:15:00', 2, 1, ''),
('2012-05-12 20:00:00', 1, 1, ''),
('2012-05-12 20:15:00', 2, 1, ''),
('2012-05-12 21:00:00', 1, 1, ''),
('2012-05-12 21:15:00', 2, 1, ''),
('2012-05-12 22:00:00', 1, 1, ''),
('2012-05-12 22:15:00', 2, 1, ''),
('2012-05-12 23:00:00', 1, 1, ''),
('2012-05-12 23:15:00', 2, 1, ''),
('2012-05-13 00:00:00', 1, 1, ''),
('2012-05-13 00:15:00', 2, 1, ''),
('2012-05-13 08:00:00', 1, 1, ''),
('2012-05-13 08:15:00', 2, 1, ''),
('2012-05-13 09:00:00', 1, 1, ''),
('2012-05-13 09:15:00', 2, 1, ''),
('2012-05-13 10:00:00', 1, 1, ''),
('2012-05-13 10:15:00', 2, 1, ''),
('2012-05-13 11:00:00', 1, 1, ''),
('2012-05-13 11:15:00', 2, 1, ''),
('2012-05-13 12:00:00', 1, 1, ''),
('2012-05-13 12:15:00', 2, 1, ''),
('2012-05-13 13:00:00', 1, 1, ''),
('2012-05-13 13:15:00', 2, 1, ''),
('2012-05-13 14:00:00', 1, 1, ''),
('2012-05-13 14:15:00', 2, 1, ''),
('2012-05-13 15:00:00', 1, 1, ''),
('2012-05-13 15:15:00', 2, 1, ''),
('2012-05-13 16:00:00', 1, 1, ''),
('2012-05-13 16:15:00', 2, 1, ''),
('2012-05-13 17:00:00', 1, 1, ''),
('2012-05-13 17:15:00', 2, 1, ''),
('2012-05-13 18:00:00', 1, 1, ''),
('2012-05-13 18:15:00', 2, 1, ''),
('2012-05-13 19:00:00', 1, 1, ''),
('2012-05-13 19:15:00', 2, 1, ''),
('2012-05-13 20:00:00', 1, 1, ''),
('2012-05-13 20:15:00', 2, 1, ''),
('2012-05-13 21:00:00', 1, 1, ''),
('2012-05-13 21:15:00', 2, 1, ''),
('2012-05-13 22:00:00', 1, 1, ''),
('2012-05-13 22:15:00', 2, 1, ''),
('2012-05-14 10:00:00', 1, 2, ''),
('2012-05-14 10:15:00', 2, 2, ''),
('2012-05-14 12:00:00', 1, 2, ''),
('2012-05-14 12:15:00', 2, 2, ''),
('2012-05-14 14:00:00', 1, 2, ''),
('2012-05-14 14:15:00', 2, 2, ''),
('2012-05-14 15:00:00', 1, 2, ''),
('2012-05-14 15:15:00', 2, 2, ''),
('2012-05-14 16:00:00', 1, 1, ''),
('2012-05-14 16:15:00', 2, 1, ''),
('2012-05-14 17:00:00', 1, 1, ''),
('2012-05-14 17:15:00', 2, 1, ''),
('2012-05-14 18:00:00', 1, 1, ''),
('2012-05-14 18:15:00', 2, 1, ''),
('2012-05-14 19:00:00', 1, 1, ''),
('2012-05-14 19:15:00', 2, 1, ''),
('2012-05-14 20:00:00', 1, 1, ''),
('2012-05-14 20:15:00', 2, 1, ''),
('2012-05-14 21:00:00', 1, 1, ''),
('2012-05-14 21:15:00', 2, 1, ''),
('2012-05-14 22:00:00', 1, 1, ''),
('2012-05-14 22:15:00', 2, 1, ''),
('2012-05-15 08:00:00', 1, 1, ''),
('2012-05-15 08:15:00', 2, 1, ''),
('2012-05-15 10:00:00', 1, 2, ''),
('2012-05-15 10:15:00', 2, 2, ''),
('2012-05-15 12:00:00', 1, 2, ''),
('2012-05-15 12:15:00', 2, 2, ''),
('2012-05-15 14:00:00', 1, 2, ''),
('2012-05-15 14:15:00', 2, 2, ''),
('2012-05-15 15:00:00', 1, 2, ''),
('2012-05-15 15:15:00', 2, 2, ''),
('2012-05-15 16:00:00', 1, 1, ''),
('2012-05-15 16:15:00', 2, 1, ''),
('2012-05-15 17:00:00', 1, 1, ''),
('2012-05-15 17:15:00', 2, 1, ''),
('2012-05-15 18:00:00', 1, 1, ''),
('2012-05-15 18:15:00', 2, 1, ''),
('2012-05-15 19:00:00', 1, 1, ''),
('2012-05-15 19:15:00', 2, 1, ''),
('2012-05-15 20:00:00', 1, 1, ''),
('2012-05-15 20:15:00', 2, 1, ''),
('2012-05-15 21:00:00', 1, 1, ''),
('2012-05-15 21:15:00', 2, 1, ''),
('2012-05-15 22:00:00', 1, 1, ''),
('2012-05-15 22:15:00', 2, 1, ''),
('2012-05-16 08:00:00', 1, 1, ''),
('2012-05-16 08:15:00', 2, 1, 'Race Night schedule begins.'),
('2012-05-16 10:00:00', 1, 2, ''),
('2012-05-16 10:15:00', 2, 2, ''),
('2012-05-16 11:00:00', 1, 2, ''),
('2012-05-16 11:15:00', 2, 2, ''),
('2012-05-16 12:00:00', 1, 2, ''),
('2012-05-16 12:15:00', 2, 2, ''),
('2012-05-16 13:00:00', 1, 2, ''),
('2012-05-16 13:15:00', 2, 2, ''),
('2012-05-16 14:00:00', 1, 2, ''),
('2012-05-16 14:15:00', 2, 2, ''),
('2012-05-16 15:00:00', 1, 1, ''),
('2012-05-16 15:15:00', 2, 1, ''),
('2012-05-16 16:00:00', 1, 1, ''),
('2012-05-16 16:15:00', 2, 1, ''),
('2012-05-16 16:30:00', 1, 1, ''),
('2012-05-16 16:45:00', 2, 1, ''),
('2012-05-16 17:00:00', 1, 1, ''),
('2012-05-16 17:15:00', 2, 1, ''),
('2012-05-23 15:45:00', 2, 1, ''),
('2012-05-23 15:30:00', 1, 1, ''),
('2012-05-16 18:00:00', 1, 1, ''),
('2012-05-16 18:15:00', 2, 1, ''),
('2012-05-16 19:00:00', 1, 1, ''),
('2012-05-16 19:15:00', 2, 1, ''),
('2012-05-16 20:00:00', 1, 1, ''),
('2012-05-16 20:15:00', 2, 1, ''),
('2012-05-16 21:00:00', 1, 1, ''),
('2012-05-16 21:15:00', 2, 1, ''),
('2012-05-16 21:30:00', 1, 1, ''),
('2012-05-16 21:45:00', 2, 1, ''),
('2012-05-16 22:00:00', 1, 1, ''),
('2012-05-16 22:15:00', 2, 1, ''),
('2012-05-16 22:30:00', 1, 1, ''),
('2012-05-16 22:45:00', 2, 1, ''),
('2012-05-16 23:00:00', 1, 1, ''),
('2012-05-16 23:15:00', 2, 1, ''),
('2012-05-17 08:15:00', 1, 1, ''),
('2012-05-17 08:30:00', 2, 1, ''),
('2012-05-17 10:00:00', 1, 2, ''),
('2012-05-17 10:15:00', 2, 2, ''),
('2012-05-17 12:00:00', 1, 1, ''),
('2012-05-17 12:15:00', 2, 1, ''),
('2012-05-17 14:00:00', 1, 2, ''),
('2012-05-17 14:15:00', 2, 2, ''),
('2012-05-17 15:00:00', 1, 1, ''),
('2012-05-17 15:15:00', 2, 1, ''),
('2012-05-17 16:00:00', 1, 1, ''),
('2012-05-17 16:15:00', 2, 1, ''),
('2012-05-17 17:00:00', 1, 1, ''),
('2012-05-17 17:15:00', 2, 1, ''),
('2012-05-17 18:00:00', 1, 1, ''),
('2012-05-17 18:15:00', 2, 1, ''),
('2012-05-17 19:00:00', 1, 1, ''),
('2012-05-17 19:15:00', 2, 1, ''),
('2012-05-17 20:00:00', 1, 1, ''),
('2012-05-17 20:15:00', 2, 1, ''),
('2012-05-17 21:00:00', 1, 1, ''),
('2012-05-17 21:15:00', 2, 1, ''),
('2012-05-17 22:00:00', 1, 1, ''),
('2012-05-17 22:15:00', 2, 1, ''),
('2012-05-18 08:00:00', 1, 1, ''),
('2012-05-18 08:15:00', 2, 1, ''),
('2012-05-18 10:00:00', 1, 2, ''),
('2012-05-18 10:15:00', 2, 2, ''),
('2012-05-18 11:00:00', 1, 2, ''),
('2012-05-18 11:15:00', 2, 2, ''),
('2012-05-18 12:00:00', 1, 1, ''),
('2012-05-18 12:15:00', 2, 1, ''),
('2012-05-18 13:00:00', 1, 1, ''),
('2012-05-18 13:15:00', 2, 1, ''),
('2012-05-18 14:00:00', 1, 1, ''),
('2012-05-18 14:15:00', 2, 1, ''),
('2012-05-18 15:00:00', 1, 1, ''),
('2012-05-18 15:15:00', 2, 1, ''),
('2012-05-18 16:00:00', 1, 1, ''),
('2012-05-18 16:15:00', 2, 1, ''),
('2012-05-18 16:30:00', 1, 1, ''),
('2012-05-18 16:45:00', 2, 1, ''),
('2012-05-18 17:00:00', 1, 1, ''),
('2012-05-18 17:15:00', 2, 1, ''),
('2012-05-18 17:30:00', 1, 1, ''),
('2012-05-18 17:45:00', 2, 1, ''),
('2012-05-18 18:00:00', 1, 1, ''),
('2012-05-18 18:15:00', 2, 1, ''),
('2012-05-18 19:00:00', 1, 1, ''),
('2012-05-18 19:15:00', 2, 1, ''),
('2012-05-18 20:00:00', 1, 1, ''),
('2012-05-18 20:15:00', 2, 1, ''),
('2012-05-18 21:00:00', 1, 1, ''),
('2012-05-18 21:15:00', 2, 1, ''),
('2012-05-18 22:00:00', 1, 1, ''),
('2012-05-18 22:15:00', 2, 1, ''),
('2012-05-18 23:00:00', 1, 1, ''),
('2012-05-18 23:15:00', 2, 1, ''),
('2012-05-19 00:00:00', 1, 1, ''),
('2012-05-19 00:15:00', 2, 1, ''),
('2012-05-19 08:00:00', 1, 1, ''),
('2012-05-19 08:15:00', 2, 1, 'Sailpast'),
('2012-05-19 09:00:00', 1, 1, ''),
('2012-05-19 09:15:00', 2, 1, ''),
('2012-05-19 10:00:00', 1, 1, ''),
('2012-05-19 10:15:00', 2, 1, ''),
('2012-05-19 11:00:00', 1, 1, ''),
('2012-05-19 11:15:00', 2, 1, ''),
('2012-05-19 12:00:00', 1, 1, ''),
('2012-05-19 12:15:00', 2, 1, ''),
('2012-05-19 13:00:00', 1, 1, ''),
('2012-05-19 13:15:00', 2, 1, ''),
('2012-05-19 14:00:00', 1, 1, ''),
('2012-05-19 14:15:00', 2, 1, ''),
('2012-05-19 15:00:00', 1, 1, ''),
('2012-05-19 15:15:00', 2, 1, ''),
('2012-05-19 16:00:00', 1, 1, ''),
('2012-05-19 16:15:00', 2, 1, ''),
('2012-05-19 17:00:00', 1, 1, ''),
('2012-05-19 17:15:00', 2, 1, ''),
('2012-05-19 18:00:00', 1, 1, ''),
('2012-05-19 18:15:00', 2, 1, ''),
('2012-05-19 19:00:00', 1, 1, ''),
('2012-05-19 19:15:00', 2, 1, ''),
('2012-05-19 20:00:00', 1, 1, ''),
('2012-05-19 20:15:00', 2, 1, ''),
('2012-05-19 21:00:00', 1, 1, ''),
('2012-05-19 21:15:00', 2, 1, ''),
('2012-05-19 22:00:00', 1, 1, ''),
('2012-05-19 22:15:00', 2, 1, ''),
('2012-05-19 23:00:00', 1, 1, ''),
('2012-05-19 23:15:00', 2, 1, ''),
('2012-05-20 00:00:00', 1, 1, ''),
('2012-05-20 00:15:00', 2, 1, ''),
('2012-05-20 01:00:00', 1, 1, ''),
('2012-05-20 01:15:00', 2, 1, ''),
('2012-05-20 08:00:00', 1, 1, ''),
('2012-05-20 08:15:00', 2, 1, ''),
('2012-05-20 09:00:00', 1, 1, ''),
('2012-05-20 09:15:00', 2, 1, ''),
('2012-05-20 10:00:00', 1, 1, ''),
('2012-05-20 10:15:00', 2, 1, ''),
('2012-05-20 11:00:00', 1, 1, ''),
('2012-05-20 11:15:00', 2, 1, ''),
('2012-05-20 12:00:00', 1, 1, ''),
('2012-05-20 12:15:00', 2, 1, ''),
('2012-05-20 13:00:00', 1, 1, ''),
('2012-05-20 13:15:00', 2, 1, ''),
('2012-05-20 14:00:00', 1, 1, ''),
('2012-05-20 14:15:00', 2, 1, ''),
('2012-05-20 15:00:00', 1, 1, ''),
('2012-05-20 15:15:00', 2, 1, ''),
('2012-05-20 16:00:00', 1, 1, ''),
('2012-05-20 16:15:00', 2, 1, ''),
('2012-05-20 17:00:00', 1, 1, ''),
('2012-05-20 17:15:00', 2, 1, ''),
('2012-05-20 18:00:00', 1, 1, ''),
('2012-05-20 18:15:00', 2, 1, ''),
('2012-05-20 19:00:00', 1, 1, ''),
('2012-05-20 19:15:00', 2, 1, ''),
('2012-05-20 20:00:00', 1, 1, ''),
('2012-05-20 20:15:00', 2, 1, ''),
('2012-05-20 21:00:00', 1, 1, ''),
('2012-05-20 21:15:00', 2, 1, ''),
('2012-05-20 22:00:00', 1, 1, ''),
('2012-05-20 22:15:00', 2, 1, ''),
('2012-05-20 23:00:00', 1, 1, ''),
('2012-05-20 23:15:00', 2, 1, ''),
('2012-05-21 08:00:00', 1, 1, ''),
('2012-05-21 08:15:00', 2, 1, 'Holiday Schedule'),
('2012-05-21 09:00:00', 1, 1, ''),
('2012-05-21 09:15:00', 2, 1, ''),
('2012-05-21 10:00:00', 1, 1, ''),
('2012-05-21 10:15:00', 2, 1, ''),
('2012-05-21 11:00:00', 1, 1, ''),
('2012-05-21 11:15:00', 2, 1, ''),
('2012-05-21 12:00:00', 1, 1, ''),
('2012-05-21 12:15:00', 2, 1, ''),
('2012-05-21 13:00:00', 1, 1, ''),
('2012-05-21 13:15:00', 2, 1, ''),
('2012-05-21 14:00:00', 1, 1, ''),
('2012-05-21 14:15:00', 2, 1, ''),
('2012-05-21 15:00:00', 1, 1, ''),
('2012-05-21 15:15:00', 2, 1, ''),
('2012-05-21 16:00:00', 1, 1, ''),
('2012-05-21 16:15:00', 2, 1, ''),
('2012-05-21 17:00:00', 1, 1, ''),
('2012-05-21 17:15:00', 2, 1, ''),
('2012-05-21 18:00:00', 1, 1, ''),
('2012-05-21 18:15:00', 2, 1, ''),
('2012-05-21 19:00:00', 1, 1, ''),
('2012-05-21 19:15:00', 2, 1, ''),
('2012-05-21 20:00:00', 1, 1, ''),
('2012-05-21 20:15:00', 2, 1, ''),
('2012-05-21 21:00:00', 1, 1, ''),
('2012-05-21 21:15:00', 2, 1, ''),
('2012-05-21 22:00:00', 1, 1, ''),
('2012-05-21 22:15:00', 2, 1, ''),
('2012-05-22 08:00:00', 1, 1, ''),
('2012-05-22 08:15:00', 2, 1, ''),
('2012-05-22 10:00:00', 1, 2, ''),
('2012-05-22 10:15:00', 2, 2, ''),
('2012-05-22 12:00:00', 1, 2, ''),
('2012-05-22 12:15:00', 2, 2, ''),
('2012-05-22 14:00:00', 1, 2, ''),
('2012-05-22 14:15:00', 2, 2, ''),
('2012-05-22 15:00:00', 1, 2, ''),
('2012-05-22 15:15:00', 2, 2, ''),
('2012-05-22 16:00:00', 1, 1, ''),
('2012-05-22 16:15:00', 2, 1, ''),
('2012-05-22 17:00:00', 1, 1, ''),
('2012-05-22 17:15:00', 2, 1, ''),
('2012-05-22 18:00:00', 1, 1, ''),
('2012-05-22 18:15:00', 2, 1, ''),
('2012-05-22 19:00:00', 1, 1, ''),
('2012-05-22 19:15:00', 2, 1, ''),
('2012-05-22 20:00:00', 1, 1, ''),
('2012-05-22 20:15:00', 2, 1, ''),
('2012-05-22 21:00:00', 1, 1, ''),
('2012-05-22 21:15:00', 2, 1, ''),
('2012-05-22 22:00:00', 1, 1, ''),
('2012-05-22 22:15:00', 2, 1, ''),
('2012-05-23 08:00:00', 1, 1, ''),
('2012-05-23 08:15:00', 2, 1, ''),
('2012-05-23 10:00:00', 1, 2, ''),
('2012-05-23 10:15:00', 2, 2, ''),
('2012-05-23 11:00:00', 1, 2, ''),
('2012-05-23 11:15:00', 2, 2, ''),
('2012-05-23 12:00:00', 1, 2, ''),
('2012-05-23 12:15:00', 2, 2, ''),
('2012-05-23 13:00:00', 1, 2, ''),
('2012-05-23 13:15:00', 2, 2, ''),
('2012-05-23 14:00:00', 1, 2, ''),
('2012-05-23 14:15:00', 2, 2, ''),
('2012-05-23 15:00:00', 1, 1, ''),
('2012-05-23 15:15:00', 2, 1, ''),
('2012-05-23 16:00:00', 1, 1, ''),
('2012-05-23 16:15:00', 2, 1, ''),
('2012-05-23 16:30:00', 1, 1, ''),
('2012-05-23 16:45:00', 2, 1, ''),
('2012-05-23 17:00:00', 1, 1, ''),
('2012-05-23 17:15:00', 2, 1, ''),
('2012-05-23 21:45:00', 2, 1, ''),
('2012-05-23 21:30:00', 1, 1, ''),
('2012-05-23 18:00:00', 1, 1, ''),
('2012-05-23 18:15:00', 2, 1, ''),
('2012-05-23 19:00:00', 1, 1, ''),
('2012-05-23 19:15:00', 2, 1, ''),
('2012-05-23 20:00:00', 1, 1, ''),
('2012-05-23 20:15:00', 2, 1, ''),
('2012-05-23 21:00:00', 1, 1, ''),
('2012-05-23 21:15:00', 2, 1, ''),
('2012-05-23 22:00:00', 1, 1, ''),
('2012-05-23 22:15:00', 2, 1, ''),
('2012-05-23 23:00:00', 1, 1, ''),
('2012-05-23 23:15:00', 2, 1, ''),
('2012-05-24 08:00:00', 1, 1, ''),
('2012-05-24 08:15:00', 2, 1, ''),
('2012-05-24 10:00:00', 1, 2, ''),
('2012-05-24 10:15:00', 2, 2, ''),
('2012-05-24 12:00:00', 1, 1, ''),
('2012-05-24 12:15:00', 2, 1, ''),
('2012-05-24 14:00:00', 1, 2, ''),
('2012-05-24 14:15:00', 2, 2, ''),
('2012-05-24 15:00:00', 1, 1, ''),
('2012-05-24 15:15:00', 2, 1, ''),
('2012-05-24 16:00:00', 1, 1, ''),
('2012-05-24 16:15:00', 2, 1, ''),
('2012-05-24 17:00:00', 1, 1, ''),
('2012-05-24 17:15:00', 2, 1, ''),
('2012-05-24 18:00:00', 1, 1, ''),
('2012-05-24 18:15:00', 2, 1, ''),
('2012-05-24 19:00:00', 1, 1, ''),
('2012-05-24 19:15:00', 2, 1, ''),
('2012-05-24 20:00:00', 1, 1, ''),
('2012-05-24 20:15:00', 2, 1, ''),
('2012-05-24 21:00:00', 1, 1, ''),
('2012-05-24 21:15:00', 2, 1, ''),
('2012-05-24 22:00:00', 1, 1, ''),
('2012-05-24 22:15:00', 2, 1, ''),
('2012-05-25 08:00:00', 1, 1, ''),
('2012-05-25 08:15:00', 2, 1, ''),
('2012-05-25 10:00:00', 1, 2, ''),
('2012-05-25 10:15:00', 2, 2, ''),
('2012-05-25 11:00:00', 1, 2, ''),
('2012-05-25 11:15:00', 2, 2, ''),
('2012-05-25 12:00:00', 1, 1, ''),
('2012-05-25 12:15:00', 2, 1, ''),
('2012-05-25 13:00:00', 1, 1, ''),
('2012-05-25 13:15:00', 2, 1, ''),
('2012-05-25 14:00:00', 1, 1, ''),
('2012-05-25 14:15:00', 2, 1, ''),
('2012-05-25 15:00:00', 1, 1, ''),
('2012-05-25 15:15:00', 2, 1, ''),
('2012-05-25 16:00:00', 1, 1, ''),
('2012-05-25 16:15:00', 2, 1, ''),
('2012-05-25 16:30:00', 1, 1, ''),
('2012-05-25 16:45:00', 2, 1, ''),
('2012-05-25 17:00:00', 1, 1, ''),
('2012-05-25 17:15:00', 2, 1, ''),
('2012-05-25 17:30:00', 1, 1, ''),
('2012-05-25 17:45:00', 2, 1, ''),
('2012-05-25 18:00:00', 1, 1, ''),
('2012-05-25 18:15:00', 2, 1, ''),
('2012-05-25 19:00:00', 1, 1, ''),
('2012-05-25 19:15:00', 2, 1, ''),
('2012-05-25 20:00:00', 1, 1, ''),
('2012-05-25 20:15:00', 2, 1, ''),
('2012-05-25 21:00:00', 1, 1, ''),
('2012-05-25 21:15:00', 2, 1, ''),
('2012-05-25 22:00:00', 1, 1, ''),
('2012-05-25 22:15:00', 2, 1, ''),
('2012-05-25 23:00:00', 1, 1, ''),
('2012-05-25 23:15:00', 2, 1, ''),
('2012-05-26 00:00:00', 1, 1, ''),
('2012-05-26 00:15:00', 2, 1, ''),
('2012-05-26 08:00:00', 1, 1, ''),
('2012-05-26 08:15:00', 2, 1, ''),
('2012-05-26 09:00:00', 1, 1, ''),
('2012-05-26 09:15:00', 2, 1, ''),
('2012-05-26 10:00:00', 1, 1, ''),
('2012-05-26 10:15:00', 2, 1, ''),
('2012-05-26 11:00:00', 1, 1, ''),
('2012-05-26 11:15:00', 2, 1, ''),
('2012-05-26 12:00:00', 1, 1, ''),
('2012-05-26 12:15:00', 2, 1, ''),
('2012-05-26 13:00:00', 1, 1, ''),
('2012-05-26 13:15:00', 2, 1, ''),
('2012-05-26 14:00:00', 1, 1, ''),
('2012-05-26 14:15:00', 2, 1, ''),
('2012-05-26 15:00:00', 1, 1, ''),
('2012-05-26 15:15:00', 2, 1, ''),
('2012-05-26 16:00:00', 1, 1, ''),
('2012-05-26 16:15:00', 2, 1, ''),
('2012-05-26 17:00:00', 1, 1, ''),
('2012-05-26 17:15:00', 2, 1, ''),
('2012-05-26 18:00:00', 1, 1, ''),
('2012-05-26 18:15:00', 2, 1, ''),
('2012-05-26 19:00:00', 1, 1, ''),
('2012-05-26 19:15:00', 2, 1, ''),
('2012-05-26 20:00:00', 1, 1, ''),
('2012-05-26 20:15:00', 2, 1, ''),
('2012-05-26 21:00:00', 1, 1, ''),
('2012-05-26 21:15:00', 2, 1, ''),
('2012-05-26 22:00:00', 1, 1, ''),
('2012-05-26 22:15:00', 2, 1, ''),
('2012-05-26 23:00:00', 1, 1, ''),
('2012-05-26 23:15:00', 2, 1, ''),
('2012-05-27 00:00:00', 1, 1, ''),
('2012-05-27 00:15:00', 2, 1, ''),
('2012-05-27 08:00:00', 1, 1, ''),
('2012-05-27 08:15:00', 2, 1, ''),
('2012-05-27 09:00:00', 1, 1, ''),
('2012-05-27 09:15:00', 2, 1, ''),
('2012-05-27 10:00:00', 1, 1, ''),
('2012-05-27 10:15:00', 2, 1, ''),
('2012-05-27 11:00:00', 1, 1, ''),
('2012-05-27 11:15:00', 2, 1, ''),
('2012-05-27 12:00:00', 1, 1, ''),
('2012-05-27 12:15:00', 2, 1, ''),
('2012-05-27 13:00:00', 1, 1, ''),
('2012-05-27 13:15:00', 2, 1, ''),
('2012-05-27 14:00:00', 1, 1, ''),
('2012-05-27 14:15:00', 2, 1, ''),
('2012-05-27 15:00:00', 1, 1, ''),
('2012-05-27 15:15:00', 2, 1, ''),
('2012-05-27 16:00:00', 1, 1, ''),
('2012-05-27 16:15:00', 2, 1, ''),
('2012-05-27 17:00:00', 1, 1, ''),
('2012-05-27 17:15:00', 2, 1, ''),
('2012-05-27 18:00:00', 1, 1, ''),
('2012-05-27 18:15:00', 2, 1, ''),
('2012-05-27 19:00:00', 1, 1, ''),
('2012-05-27 19:15:00', 2, 1, ''),
('2012-05-27 20:00:00', 1, 1, ''),
('2012-05-27 20:15:00', 2, 1, ''),
('2012-05-27 21:00:00', 1, 1, ''),
('2012-05-27 21:15:00', 2, 1, ''),
('2012-05-27 22:00:00', 1, 1, ''),
('2012-05-27 22:15:00', 2, 1, ''),
('2012-05-28 08:00:00', 1, 1, ''),
('2012-05-28 08:15:00', 2, 1, ''),
('2012-05-28 10:00:00', 1, 2, ''),
('2012-05-28 10:15:00', 2, 2, ''),
('2012-05-28 12:00:00', 1, 2, ''),
('2012-05-28 12:15:00', 2, 2, ''),
('2012-05-28 14:00:00', 1, 2, ''),
('2012-05-28 14:15:00', 2, 2, ''),
('2012-05-28 15:00:00', 1, 2, ''),
('2012-05-28 15:15:00', 2, 2, ''),
('2012-05-28 16:00:00', 1, 1, ''),
('2012-05-28 16:15:00', 2, 1, ''),
('2012-05-28 17:00:00', 1, 1, ''),
('2012-05-28 17:15:00', 2, 1, ''),
('2012-05-28 18:00:00', 1, 1, ''),
('2012-05-28 18:15:00', 2, 1, ''),
('2012-05-28 19:00:00', 1, 1, ''),
('2012-05-28 19:15:00', 2, 1, ''),
('2012-05-28 20:00:00', 1, 1, ''),
('2012-05-28 20:15:00', 2, 1, ''),
('2012-05-28 21:00:00', 1, 1, ''),
('2012-05-28 21:15:00', 2, 1, ''),
('2012-05-28 22:00:00', 1, 1, ''),
('2012-05-28 22:15:00', 2, 1, ''),
('2012-05-29 08:00:00', 1, 1, ''),
('2012-05-29 08:15:00', 2, 1, ''),
('2012-05-29 10:00:00', 1, 2, ''),
('2012-05-29 10:15:00', 2, 2, ''),
('2012-05-29 12:00:00', 1, 2, ''),
('2012-05-29 12:15:00', 2, 2, ''),
('2012-05-29 14:00:00', 1, 2, ''),
('2012-05-29 14:15:00', 2, 2, ''),
('2012-05-29 15:00:00', 1, 2, ''),
('2012-05-29 15:15:00', 2, 2, ''),
('2012-05-29 16:00:00', 1, 1, ''),
('2012-05-29 16:15:00', 2, 1, ''),
('2012-05-29 17:00:00', 1, 1, ''),
('2012-05-29 17:15:00', 2, 1, ''),
('2012-05-29 18:00:00', 1, 1, ''),
('2012-05-29 18:15:00', 2, 1, ''),
('2012-05-29 19:00:00', 1, 1, ''),
('2012-05-29 19:15:00', 2, 1, ''),
('2012-05-29 20:00:00', 1, 1, ''),
('2012-05-29 20:15:00', 2, 1, ''),
('2012-05-29 21:00:00', 1, 1, ''),
('2012-05-29 21:15:00', 2, 1, ''),
('2012-05-29 22:00:00', 1, 1, ''),
('2012-05-29 22:15:00', 2, 1, ''),
('2012-05-30 08:00:00', 1, 1, ''),
('2012-05-30 08:15:00', 2, 1, ''),
('2012-05-30 10:00:00', 1, 2, ''),
('2012-05-30 10:15:00', 2, 2, ''),
('2012-05-30 11:00:00', 1, 2, ''),
('2012-05-30 11:15:00', 2, 2, ''),
('2012-05-30 12:00:00', 1, 2, ''),
('2012-05-30 12:15:00', 2, 2, ''),
('2012-05-30 13:00:00', 1, 2, ''),
('2012-05-30 13:15:00', 2, 2, ''),
('2012-05-30 14:00:00', 1, 2, ''),
('2012-05-30 14:15:00', 2, 2, ''),
('2012-05-30 15:00:00', 1, 1, ''),
('2012-05-30 15:15:00', 2, 1, ''),
('2012-05-30 16:00:00', 1, 1, ''),
('2012-05-30 16:15:00', 2, 1, ''),
('2012-05-30 16:30:00', 1, 1, ''),
('2012-05-30 16:45:00', 2, 1, ''),
('2012-05-30 17:00:00', 1, 1, ''),
('2012-05-30 17:15:00', 2, 1, ''),
('2012-06-06 15:45:00', 2, 1, ''),
('2012-06-06 15:30:00', 1, 1, ''),
('2012-05-30 18:00:00', 1, 1, ''),
('2012-05-30 18:15:00', 2, 1, ''),
('2012-05-30 19:00:00', 1, 1, ''),
('2012-05-30 19:15:00', 2, 1, ''),
('2012-05-30 20:00:00', 1, 1, ''),
('2012-05-30 20:15:00', 2, 1, ''),
('2012-05-30 21:00:00', 1, 1, ''),
('2012-05-30 21:15:00', 2, 1, ''),
('2012-05-30 21:30:00', 1, 1, ''),
('2012-05-30 21:45:00', 2, 1, ''),
('2012-05-30 22:00:00', 1, 1, ''),
('2012-05-30 22:15:00', 2, 1, ''),
('2012-05-30 22:30:00', 1, 1, ''),
('2012-05-30 22:45:00', 2, 1, ''),
('2012-05-30 23:00:00', 1, 1, ''),
('2012-05-30 23:15:00', 2, 1, ''),
('2012-05-31 08:00:00', 1, 1, ''),
('2012-05-31 08:15:00', 2, 1, ''),
('2012-05-31 10:00:00', 1, 2, ''),
('2012-05-31 10:15:00', 2, 2, ''),
('2012-05-31 12:00:00', 1, 1, ''),
('2012-05-31 12:15:00', 2, 1, ''),
('2012-05-31 14:00:00', 1, 2, ''),
('2012-05-31 14:15:00', 2, 2, ''),
('2012-05-31 15:00:00', 1, 1, ''),
('2012-05-31 15:15:00', 2, 1, ''),
('2012-05-31 16:00:00', 1, 1, ''),
('2012-05-31 16:15:00', 2, 1, ''),
('2012-05-31 17:00:00', 1, 1, ''),
('2012-05-31 17:15:00', 2, 1, ''),
('2012-05-31 18:00:00', 1, 1, ''),
('2012-05-31 18:15:00', 2, 1, ''),
('2012-05-31 19:00:00', 1, 1, ''),
('2012-05-31 19:15:00', 2, 1, ''),
('2012-05-31 20:00:00', 1, 1, ''),
('2012-05-31 20:15:00', 2, 1, ''),
('2012-05-31 21:00:00', 1, 1, ''),
('2012-05-31 21:15:00', 2, 1, ''),
('2012-05-31 22:00:00', 1, 1, ''),
('2012-05-31 22:15:00', 2, 1, ''),
('2012-06-01 08:00:00', 1, 1, ''),
('2012-06-01 08:15:00', 2, 1, ''),
('2012-06-01 10:00:00', 1, 2, ''),
('2012-06-01 10:15:00', 2, 2, ''),
('2012-06-01 11:00:00', 1, 2, ''),
('2012-06-01 11:15:00', 2, 2, ''),
('2012-06-01 12:00:00', 1, 1, ''),
('2012-06-01 12:15:00', 2, 1, ''),
('2012-06-01 13:00:00', 1, 1, ''),
('2012-06-01 13:15:00', 2, 1, ''),
('2012-06-01 14:00:00', 1, 1, ''),
('2012-06-01 14:15:00', 2, 1, ''),
('2012-06-01 15:00:00', 1, 1, ''),
('2012-06-01 15:15:00', 2, 1, ''),
('2012-06-01 16:00:00', 1, 1, ''),
('2012-06-01 16:15:00', 2, 1, ''),
('2012-06-01 17:00:00', 1, 1, ''),
('2012-06-01 17:15:00', 2, 1, ''),
('2012-06-01 18:00:00', 1, 1, ''),
('2012-06-01 18:15:00', 2, 1, ''),
('2012-06-01 19:00:00', 1, 1, ''),
('2012-06-01 19:15:00', 2, 1, ''),
('2012-06-01 20:00:00', 1, 1, ''),
('2012-06-01 20:15:00', 2, 1, ''),
('2012-06-01 21:00:00', 1, 1, ''),
('2012-06-01 21:15:00', 2, 1, ''),
('2012-06-01 22:00:00', 1, 1, ''),
('2012-06-01 22:15:00', 2, 1, ''),
('2012-06-01 23:00:00', 1, 1, ''),
('2012-06-01 23:15:00', 2, 1, ''),
('2012-06-02 00:00:00', 1, 1, ''),
('2012-06-02 00:15:00', 2, 1, ''),
('2012-06-02 08:00:00', 1, 1, ''),
('2012-06-02 08:15:00', 2, 1, 'New Members Night'),
('2012-06-02 09:00:00', 1, 1, ''),
('2012-06-02 09:15:00', 2, 1, ''),
('2012-06-02 10:00:00', 1, 1, ''),
('2012-06-02 10:15:00', 2, 1, ''),
('2012-06-02 11:00:00', 1, 1, ''),
('2012-06-02 11:15:00', 2, 1, ''),
('2012-06-02 12:00:00', 1, 1, ''),
('2012-06-02 12:15:00', 2, 1, ''),
('2012-06-02 13:00:00', 1, 1, ''),
('2012-06-02 13:15:00', 2, 1, '');
INSERT INTO `departures` (`departureDateTime`, `departureLocation`, `tenderType`, `notes`) VALUES
('2012-06-02 14:00:00', 1, 1, ''),
('2012-06-02 14:15:00', 2, 1, ''),
('2012-06-02 15:00:00', 1, 1, ''),
('2012-06-02 15:15:00', 2, 1, ''),
('2012-06-02 16:00:00', 1, 1, ''),
('2012-06-02 16:15:00', 2, 1, ''),
('2012-06-02 17:00:00', 1, 1, ''),
('2012-06-02 17:15:00', 2, 1, ''),
('2012-06-02 18:00:00', 1, 1, ''),
('2012-06-02 18:15:00', 2, 1, ''),
('2012-06-02 19:00:00', 1, 1, ''),
('2012-06-02 19:15:00', 2, 1, ''),
('2012-06-02 20:00:00', 1, 1, ''),
('2012-06-02 20:15:00', 2, 1, ''),
('2012-06-02 21:00:00', 1, 1, ''),
('2012-06-02 21:15:00', 2, 1, ''),
('2012-06-02 22:00:00', 1, 1, ''),
('2012-06-02 22:15:00', 2, 1, ''),
('2012-06-02 23:00:00', 1, 1, ''),
('2012-06-02 23:15:00', 2, 1, ''),
('2012-06-03 00:00:00', 1, 1, ''),
('2012-06-03 00:15:00', 2, 1, ''),
('2012-06-03 01:00:00', 1, 1, ''),
('2012-06-03 01:15:00', 2, 1, ''),
('2012-06-03 08:00:00', 1, 1, ''),
('2012-06-03 08:15:00', 2, 1, ''),
('2012-06-03 09:00:00', 1, 1, ''),
('2012-06-03 09:15:00', 2, 1, ''),
('2012-06-03 10:00:00', 1, 1, ''),
('2012-06-03 10:15:00', 2, 1, ''),
('2012-06-03 11:00:00', 1, 1, ''),
('2012-06-03 11:15:00', 2, 1, ''),
('2012-06-03 12:00:00', 1, 1, ''),
('2012-06-03 12:15:00', 2, 1, ''),
('2012-06-03 13:00:00', 1, 1, ''),
('2012-06-03 13:15:00', 2, 1, ''),
('2012-06-03 14:00:00', 1, 1, ''),
('2012-06-03 14:15:00', 2, 1, ''),
('2012-06-03 15:00:00', 1, 1, ''),
('2012-06-03 15:15:00', 2, 1, ''),
('2012-06-03 16:00:00', 1, 1, ''),
('2012-06-03 16:15:00', 2, 1, ''),
('2012-06-03 17:00:00', 1, 1, ''),
('2012-06-03 17:15:00', 2, 1, ''),
('2012-06-03 18:00:00', 1, 1, ''),
('2012-06-03 18:15:00', 2, 1, ''),
('2012-06-03 19:00:00', 1, 1, ''),
('2012-06-03 19:15:00', 2, 1, ''),
('2012-06-03 20:00:00', 1, 1, ''),
('2012-06-03 20:15:00', 2, 1, ''),
('2012-06-03 21:00:00', 1, 1, ''),
('2012-06-03 21:15:00', 2, 1, ''),
('2012-06-03 22:00:00', 1, 1, ''),
('2012-06-03 22:15:00', 2, 1, ''),
('2012-04-01 08:45:00', 2, 2, ''),
('2012-04-01 09:30:00', 1, 2, ''),
('2012-04-01 09:45:00', 2, 2, ''),
('2012-04-01 15:30:00', 1, 2, ''),
('2012-04-01 15:45:00', 2, 2, ''),
('2012-04-01 16:30:00', 1, 2, ''),
('2012-04-01 16:45:00', 2, 2, ''),
('2012-06-04 08:15:00', 2, 1, ''),
('2012-06-04 10:00:00', 1, 2, ''),
('2012-06-04 10:15:00', 2, 2, ''),
('2012-06-04 12:00:00', 1, 2, ''),
('2012-06-04 12:15:00', 2, 2, ''),
('2012-06-04 14:00:00', 1, 2, ''),
('2012-06-04 14:15:00', 2, 2, ''),
('2012-06-04 15:00:00', 1, 2, ''),
('2012-06-04 15:15:00', 2, 2, ''),
('2012-06-04 16:00:00', 1, 1, ''),
('2012-06-04 16:15:00', 2, 1, ''),
('2012-06-04 17:00:00', 1, 1, ''),
('2012-06-04 17:15:00', 2, 1, ''),
('2012-06-04 18:00:00', 1, 1, ''),
('2012-06-04 18:15:00', 2, 1, ''),
('2012-06-04 19:00:00', 1, 1, ''),
('2012-06-04 19:15:00', 2, 1, ''),
('2012-06-04 20:00:00', 1, 1, ''),
('2012-06-04 20:15:00', 2, 1, ''),
('2012-06-04 21:00:00', 1, 1, ''),
('2012-06-04 21:15:00', 2, 1, ''),
('2012-06-04 22:00:00', 1, 1, ''),
('2012-06-04 22:15:00', 2, 1, ''),
('2012-06-05 08:00:00', 1, 1, ''),
('2012-06-05 08:15:00', 2, 1, ''),
('2012-06-05 10:00:00', 1, 2, ''),
('2012-06-05 10:15:00', 2, 2, ''),
('2012-06-05 12:00:00', 1, 2, ''),
('2012-06-05 12:15:00', 2, 2, ''),
('2012-06-05 14:00:00', 1, 2, ''),
('2012-06-05 14:15:00', 2, 2, ''),
('2012-06-05 15:00:00', 1, 2, ''),
('2012-06-05 15:15:00', 2, 2, ''),
('2012-06-05 16:00:00', 1, 1, ''),
('2012-06-05 16:15:00', 2, 1, ''),
('2012-06-05 17:00:00', 1, 1, ''),
('2012-06-05 17:15:00', 2, 1, ''),
('2012-06-05 18:00:00', 1, 1, ''),
('2012-06-05 18:15:00', 2, 1, ''),
('2012-06-05 19:00:00', 1, 1, ''),
('2012-06-05 19:15:00', 2, 1, ''),
('2012-06-05 20:00:00', 1, 1, ''),
('2012-06-05 20:15:00', 2, 1, ''),
('2012-06-05 21:00:00', 1, 1, ''),
('2012-06-05 21:15:00', 2, 1, ''),
('2012-06-05 22:00:00', 1, 1, ''),
('2012-06-05 22:15:00', 2, 1, ''),
('2012-06-06 08:00:00', 1, 1, ''),
('2012-06-06 08:15:00', 2, 1, ''),
('2012-06-06 10:00:00', 1, 2, ''),
('2012-06-06 10:15:00', 2, 2, ''),
('2012-06-06 11:00:00', 1, 2, ''),
('2012-06-06 11:15:00', 2, 2, ''),
('2012-06-06 12:00:00', 1, 2, ''),
('2012-06-06 12:15:00', 2, 2, ''),
('2012-06-06 13:00:00', 1, 2, ''),
('2012-06-06 13:15:00', 2, 2, ''),
('2012-06-06 14:00:00', 1, 2, ''),
('2012-06-06 14:15:00', 2, 2, ''),
('2012-06-06 15:00:00', 1, 1, ''),
('2012-06-06 15:15:00', 2, 1, ''),
('2012-06-06 16:00:00', 1, 1, ''),
('2012-06-06 16:15:00', 2, 1, ''),
('2012-06-06 16:30:00', 1, 1, ''),
('2012-06-06 16:45:00', 2, 1, ''),
('2012-06-06 17:00:00', 1, 1, ''),
('2012-06-06 17:15:00', 2, 1, ''),
('2012-06-06 21:45:00', 2, 1, ''),
('2012-06-06 21:30:00', 1, 1, ''),
('2012-06-06 18:00:00', 1, 1, ''),
('2012-06-06 18:15:00', 2, 1, ''),
('2012-06-06 19:00:00', 1, 1, ''),
('2012-06-06 19:15:00', 2, 1, ''),
('2012-06-06 20:00:00', 1, 1, ''),
('2012-06-06 20:15:00', 2, 1, ''),
('2012-06-06 21:00:00', 1, 1, ''),
('2012-06-06 21:15:00', 2, 1, ''),
('2012-06-06 22:00:00', 1, 1, ''),
('2012-06-06 22:15:00', 2, 1, ''),
('2012-06-06 22:30:00', 1, 1, ''),
('2012-06-06 22:45:00', 2, 1, ''),
('2012-06-06 23:00:00', 1, 1, ''),
('2012-06-06 23:15:00', 2, 1, ''),
('2012-06-08 10:00:00', 1, 2, ''),
('2012-06-08 10:15:00', 2, 2, ''),
('2012-06-08 11:00:00', 1, 2, ''),
('2012-06-08 11:15:00', 2, 2, ''),
('2012-06-08 12:00:00', 1, 1, ''),
('2012-06-08 12:15:00', 2, 1, ''),
('2012-06-08 13:00:00', 1, 1, ''),
('2012-06-08 13:15:00', 2, 1, ''),
('2012-06-08 14:00:00', 1, 1, ''),
('2012-06-08 14:15:00', 2, 1, ''),
('2012-06-08 15:00:00', 1, 1, ''),
('2012-06-08 15:15:00', 2, 1, ''),
('2012-06-08 16:00:00', 1, 1, ''),
('2012-06-08 16:15:00', 2, 1, ''),
('2012-06-08 16:30:00', 1, 1, ''),
('2012-06-08 16:45:00', 2, 1, ''),
('2012-06-08 17:00:00', 1, 1, ''),
('2012-06-08 17:15:00', 2, 1, ''),
('2012-06-08 17:30:00', 1, 1, ''),
('2012-06-08 17:45:00', 2, 1, ''),
('2012-06-08 18:00:00', 1, 1, ''),
('2012-06-08 18:15:00', 2, 1, ''),
('2012-06-08 19:00:00', 1, 1, ''),
('2012-06-08 19:15:00', 2, 1, ''),
('2012-06-08 20:00:00', 1, 1, ''),
('2012-06-08 20:15:00', 2, 1, ''),
('2012-06-08 21:00:00', 1, 1, ''),
('2012-06-08 21:15:00', 2, 1, ''),
('2012-06-08 22:00:00', 1, 1, ''),
('2012-06-08 22:15:00', 2, 1, ''),
('2012-06-08 23:00:00', 1, 1, ''),
('2012-06-08 23:15:00', 2, 1, ''),
('2012-06-09 00:00:00', 1, 1, ''),
('2012-06-09 00:15:00', 2, 1, ''),
('2012-06-09 08:00:00', 1, 1, ''),
('2012-06-09 08:15:00', 2, 1, ''),
('2012-06-09 09:00:00', 1, 1, ''),
('2012-06-09 09:15:00', 2, 1, ''),
('2012-06-09 10:00:00', 1, 1, ''),
('2012-06-09 10:15:00', 2, 1, ''),
('2012-06-09 11:00:00', 1, 1, ''),
('2012-06-09 11:15:00', 2, 1, ''),
('2012-06-09 12:00:00', 1, 1, ''),
('2012-06-09 12:15:00', 2, 1, ''),
('2012-06-09 13:00:00', 1, 1, ''),
('2012-06-09 13:15:00', 2, 1, ''),
('2012-06-09 14:00:00', 1, 1, ''),
('2012-06-09 14:15:00', 2, 1, ''),
('2012-06-09 15:00:00', 1, 1, ''),
('2012-06-09 15:15:00', 2, 1, ''),
('2012-06-09 16:00:00', 1, 1, ''),
('2012-06-09 16:15:00', 2, 1, ''),
('2012-06-09 17:00:00', 1, 1, ''),
('2012-06-09 17:15:00', 2, 1, ''),
('2012-06-09 18:00:00', 1, 1, ''),
('2012-06-09 18:15:00', 2, 1, ''),
('2012-06-09 19:00:00', 1, 1, ''),
('2012-06-09 19:15:00', 2, 1, ''),
('2012-06-09 20:00:00', 1, 1, ''),
('2012-06-09 20:15:00', 2, 1, ''),
('2012-06-09 21:00:00', 1, 1, ''),
('2012-06-09 21:15:00', 2, 1, ''),
('2012-06-09 22:00:00', 1, 1, ''),
('2012-06-09 22:15:00', 2, 1, ''),
('2012-06-09 23:00:00', 1, 1, ''),
('2012-06-09 23:15:00', 2, 1, ''),
('2012-06-10 00:00:00', 1, 1, ''),
('2012-06-10 00:15:00', 2, 1, ''),
('2012-06-10 08:00:00', 1, 1, ''),
('2012-06-10 08:15:00', 2, 1, ''),
('2012-06-10 09:00:00', 1, 1, ''),
('2012-06-10 09:15:00', 2, 1, ''),
('2012-06-10 10:00:00', 1, 1, ''),
('2012-06-10 10:15:00', 2, 1, ''),
('2012-06-10 11:00:00', 1, 1, ''),
('2012-06-10 11:15:00', 2, 1, ''),
('2012-06-10 12:00:00', 1, 1, ''),
('2012-06-10 12:15:00', 2, 1, ''),
('2012-06-10 13:00:00', 1, 1, ''),
('2012-06-10 13:15:00', 2, 1, ''),
('2012-06-10 14:00:00', 1, 1, ''),
('2012-06-10 14:15:00', 2, 1, ''),
('2012-06-10 15:00:00', 1, 1, ''),
('2012-06-10 15:15:00', 2, 1, ''),
('2012-06-10 16:00:00', 1, 1, ''),
('2012-06-10 16:15:00', 2, 1, ''),
('2012-06-10 17:00:00', 1, 1, ''),
('2012-06-10 17:15:00', 2, 1, ''),
('2012-06-10 18:00:00', 1, 1, ''),
('2012-06-10 18:15:00', 2, 1, ''),
('2012-06-10 19:00:00', 1, 1, ''),
('2012-06-10 19:15:00', 2, 1, ''),
('2012-06-10 20:00:00', 1, 1, ''),
('2012-06-10 20:15:00', 2, 1, ''),
('2012-06-10 21:00:00', 1, 1, ''),
('2012-06-10 21:15:00', 2, 1, ''),
('2012-06-10 22:00:00', 1, 1, ''),
('2012-06-10 22:15:00', 2, 1, ''),
('2012-06-11 08:00:00', 1, 1, ''),
('2012-06-11 08:15:00', 2, 1, ''),
('2012-06-11 10:00:00', 1, 2, ''),
('2012-06-11 10:15:00', 2, 2, ''),
('2012-06-11 12:00:00', 1, 2, ''),
('2012-06-11 12:15:00', 2, 2, ''),
('2012-06-11 14:00:00', 1, 2, ''),
('2012-06-11 14:15:00', 2, 2, ''),
('2012-06-11 15:00:00', 1, 2, ''),
('2012-06-11 15:15:00', 2, 2, ''),
('2012-06-11 16:00:00', 1, 1, ''),
('2012-06-11 16:15:00', 2, 1, ''),
('2012-06-11 17:00:00', 1, 1, ''),
('2012-06-11 17:15:00', 2, 1, ''),
('2012-06-11 18:00:00', 1, 1, ''),
('2012-06-11 18:15:00', 2, 1, ''),
('2012-06-11 19:00:00', 1, 1, ''),
('2012-06-11 19:15:00', 2, 1, ''),
('2012-06-11 20:00:00', 1, 1, ''),
('2012-06-11 20:15:00', 2, 1, ''),
('2012-06-11 21:00:00', 1, 1, ''),
('2012-06-11 21:15:00', 2, 1, ''),
('2012-06-11 22:00:00', 1, 1, ''),
('2012-06-11 22:15:00', 2, 1, ''),
('2012-06-12 08:00:00', 1, 1, ''),
('2012-06-12 08:15:00', 2, 1, ''),
('2012-06-12 10:00:00', 1, 2, ''),
('2012-06-12 10:15:00', 2, 2, ''),
('2012-06-12 12:00:00', 1, 2, ''),
('2012-06-12 12:15:00', 2, 2, ''),
('2012-06-12 13:00:00', 1, 1, ''),
('2012-06-12 13:15:00', 2, 1, ''),
('2012-06-12 14:00:00', 1, 2, ''),
('2012-06-12 14:15:00', 2, 2, ''),
('2012-06-12 15:00:00', 1, 2, ''),
('2012-06-12 15:15:00', 2, 2, ''),
('2012-06-12 16:00:00', 1, 1, ''),
('2012-06-12 16:15:00', 2, 1, ''),
('2012-06-12 17:00:00', 1, 1, ''),
('2012-06-12 17:15:00', 2, 1, ''),
('2012-06-12 18:00:00', 1, 1, ''),
('2012-06-12 18:15:00', 2, 1, ''),
('2012-06-12 19:00:00', 1, 1, ''),
('2012-06-12 19:15:00', 2, 1, ''),
('2012-06-12 20:00:00', 1, 1, ''),
('2012-06-12 20:15:00', 2, 1, ''),
('2012-06-12 21:00:00', 1, 1, ''),
('2012-06-12 21:15:00', 2, 1, ''),
('2012-06-12 22:00:00', 1, 1, ''),
('2012-06-12 22:15:00', 2, 1, ''),
('2012-06-13 08:00:00', 1, 1, ''),
('2012-06-13 08:15:00', 2, 1, ''),
('2012-06-13 10:00:00', 1, 2, ''),
('2012-06-13 10:15:00', 2, 2, ''),
('2012-06-13 11:00:00', 1, 2, ''),
('2012-06-13 11:15:00', 2, 2, ''),
('2012-06-13 12:00:00', 1, 2, ''),
('2012-06-13 12:15:00', 2, 2, ''),
('2012-06-13 13:00:00', 1, 2, ''),
('2012-06-13 13:15:00', 2, 2, ''),
('2012-06-13 14:00:00', 1, 2, ''),
('2012-06-13 14:15:00', 2, 2, ''),
('2012-06-13 15:00:00', 1, 1, ''),
('2012-06-13 15:15:00', 2, 1, ''),
('2012-06-13 16:00:00', 1, 1, ''),
('2012-06-13 16:15:00', 2, 1, ''),
('2012-06-13 16:30:00', 1, 1, ''),
('2012-06-13 16:45:00', 2, 1, ''),
('2012-06-13 17:00:00', 1, 1, ''),
('2012-06-13 17:15:00', 2, 1, ''),
('2012-06-20 15:45:00', 2, 1, ''),
('2012-06-20 15:30:00', 1, 1, ''),
('2012-06-13 18:00:00', 1, 1, ''),
('2012-06-13 18:15:00', 2, 1, ''),
('2012-06-13 19:00:00', 1, 1, ''),
('2012-06-13 19:15:00', 2, 1, ''),
('2012-06-13 20:00:00', 1, 1, ''),
('2012-06-13 20:15:00', 2, 1, ''),
('2012-06-13 21:00:00', 1, 1, ''),
('2012-06-13 21:15:00', 2, 1, ''),
('2012-06-13 21:30:00', 1, 1, ''),
('2012-06-13 21:45:00', 2, 1, ''),
('2012-06-13 22:00:00', 1, 1, ''),
('2012-06-13 22:15:00', 2, 1, ''),
('2012-06-13 22:30:00', 1, 1, ''),
('2012-06-13 22:45:00', 2, 1, ''),
('2012-06-13 23:00:00', 1, 1, ''),
('2012-06-13 23:15:00', 2, 1, ''),
('2012-06-14 08:00:00', 1, 1, ''),
('2012-06-14 08:15:00', 2, 1, ''),
('2012-06-14 10:00:00', 1, 2, ''),
('2012-06-14 10:15:00', 2, 2, ''),
('2012-06-14 12:00:00', 1, 1, ''),
('2012-06-14 12:15:00', 2, 1, ''),
('2012-06-14 14:00:00', 1, 2, ''),
('2012-06-14 14:15:00', 2, 2, ''),
('2012-06-14 15:00:00', 1, 1, ''),
('2012-06-14 15:15:00', 2, 1, ''),
('2012-06-14 16:00:00', 1, 1, ''),
('2012-06-14 16:15:00', 2, 1, ''),
('2012-06-14 17:00:00', 1, 1, ''),
('2012-06-14 17:15:00', 2, 1, ''),
('2012-06-14 18:00:00', 1, 1, ''),
('2012-06-14 18:15:00', 2, 1, ''),
('2012-06-14 19:00:00', 1, 1, ''),
('2012-06-14 19:15:00', 2, 1, ''),
('2012-06-14 20:00:00', 1, 1, ''),
('2012-06-14 20:15:00', 2, 1, ''),
('2012-06-14 21:00:00', 1, 1, ''),
('2012-06-14 21:15:00', 2, 1, ''),
('2012-06-14 22:00:00', 1, 1, ''),
('2012-06-14 22:15:00', 2, 1, ''),
('2012-06-15 08:00:00', 1, 1, ''),
('2012-06-15 08:15:00', 2, 1, ''),
('2012-06-15 10:00:00', 1, 2, ''),
('2012-06-15 10:15:00', 2, 2, ''),
('2012-06-15 11:00:00', 1, 2, ''),
('2012-06-15 11:15:00', 2, 2, ''),
('2012-06-15 12:00:00', 1, 1, ''),
('2012-06-15 12:15:00', 2, 1, ''),
('2012-06-15 13:00:00', 1, 1, ''),
('2012-06-15 13:15:00', 2, 1, ''),
('2012-06-15 14:00:00', 1, 1, ''),
('2012-06-15 14:15:00', 2, 1, ''),
('2012-06-15 15:00:00', 1, 1, ''),
('2012-06-15 15:15:00', 2, 1, ''),
('2012-06-15 16:00:00', 1, 1, ''),
('2012-06-15 16:15:00', 2, 1, ''),
('2012-06-15 16:30:00', 1, 1, ''),
('2012-06-15 16:45:00', 2, 1, ''),
('2012-06-15 17:00:00', 1, 1, ''),
('2012-06-15 17:15:00', 2, 1, ''),
('2012-06-15 17:30:00', 1, 1, ''),
('2012-06-15 17:45:00', 2, 1, ''),
('2012-06-15 18:00:00', 1, 1, ''),
('2012-06-15 18:15:00', 2, 1, ''),
('2012-06-15 19:00:00', 1, 1, ''),
('2012-06-15 19:15:00', 2, 1, ''),
('2012-06-15 20:00:00', 1, 1, ''),
('2012-06-15 20:15:00', 2, 1, ''),
('2012-06-15 21:00:00', 1, 1, ''),
('2012-06-15 21:15:00', 2, 1, ''),
('2012-06-15 22:00:00', 1, 1, ''),
('2012-06-15 22:15:00', 2, 1, ''),
('2012-06-15 23:00:00', 1, 1, ''),
('2012-06-15 23:15:00', 2, 1, ''),
('2012-06-16 00:00:00', 1, 1, ''),
('2012-06-16 00:15:00', 2, 1, ''),
('2012-06-16 08:00:00', 1, 1, ''),
('2012-06-16 08:15:00', 2, 1, 'Lobsterfest'),
('2012-06-16 09:00:00', 1, 1, ''),
('2012-06-16 09:15:00', 2, 1, ''),
('2012-06-16 10:00:00', 1, 1, ''),
('2012-06-16 10:15:00', 2, 1, ''),
('2012-06-16 11:00:00', 1, 1, ''),
('2012-06-16 11:15:00', 2, 1, ''),
('2012-06-16 12:00:00', 1, 1, ''),
('2012-06-16 12:15:00', 2, 1, ''),
('2012-06-16 13:00:00', 1, 1, ''),
('2012-06-16 13:15:00', 2, 1, ''),
('2012-06-16 14:00:00', 1, 1, ''),
('2012-06-16 14:15:00', 2, 1, ''),
('2012-06-16 15:00:00', 1, 1, ''),
('2012-06-16 15:15:00', 2, 1, ''),
('2012-06-16 16:00:00', 1, 1, ''),
('2012-06-16 16:15:00', 2, 1, ''),
('2012-06-16 17:00:00', 1, 1, ''),
('2012-06-16 17:15:00', 2, 1, ''),
('2012-06-16 18:00:00', 1, 1, ''),
('2012-06-16 18:15:00', 2, 1, ''),
('2012-06-16 19:00:00', 1, 1, ''),
('2012-06-16 19:15:00', 2, 1, ''),
('2012-06-16 20:00:00', 1, 1, ''),
('2012-06-16 20:15:00', 2, 1, ''),
('2012-06-16 21:00:00', 1, 1, ''),
('2012-06-16 21:15:00', 2, 1, ''),
('2012-06-16 22:00:00', 1, 1, ''),
('2012-06-16 22:15:00', 2, 1, ''),
('2012-06-16 23:00:00', 1, 1, ''),
('2012-06-16 23:15:00', 2, 1, ''),
('2012-06-17 00:00:00', 1, 1, ''),
('2012-06-17 00:15:00', 2, 1, ''),
('2012-06-17 01:00:00', 1, 1, ''),
('2012-06-17 01:15:00', 2, 1, ''),
('2012-06-17 08:00:00', 1, 1, ''),
('2012-06-17 08:15:00', 2, 1, ''),
('2012-06-17 09:00:00', 1, 1, ''),
('2012-06-17 09:15:00', 2, 1, ''),
('2012-06-17 10:00:00', 1, 1, ''),
('2012-06-17 10:15:00', 2, 1, ''),
('2012-06-17 11:00:00', 1, 1, ''),
('2012-06-17 11:15:00', 2, 1, ''),
('2012-06-17 12:00:00', 1, 1, ''),
('2012-06-17 12:15:00', 2, 1, ''),
('2012-06-17 13:00:00', 1, 1, ''),
('2012-06-17 13:15:00', 2, 1, ''),
('2012-06-17 14:00:00', 1, 1, ''),
('2012-06-17 14:15:00', 2, 1, ''),
('2012-06-17 15:00:00', 1, 1, ''),
('2012-06-17 15:15:00', 2, 1, ''),
('2012-06-17 16:00:00', 1, 1, ''),
('2012-06-17 16:15:00', 2, 1, ''),
('2012-06-17 17:00:00', 1, 1, ''),
('2012-06-17 17:15:00', 2, 1, ''),
('2012-06-17 18:00:00', 1, 1, ''),
('2012-06-17 18:15:00', 2, 1, ''),
('2012-06-17 19:00:00', 1, 1, ''),
('2012-06-17 19:15:00', 2, 1, ''),
('2012-06-17 20:00:00', 1, 1, ''),
('2012-06-17 20:15:00', 2, 1, ''),
('2012-06-17 21:00:00', 1, 1, ''),
('2012-06-17 21:15:00', 2, 1, ''),
('2012-06-17 22:00:00', 1, 1, ''),
('2012-06-17 22:15:00', 2, 1, ''),
('2012-06-18 08:00:00', 1, 1, ''),
('2012-06-18 08:15:00', 2, 1, ''),
('2012-06-18 10:00:00', 1, 2, ''),
('2012-06-18 10:15:00', 2, 2, ''),
('2012-06-18 12:00:00', 1, 2, ''),
('2012-06-18 12:15:00', 2, 2, ''),
('2012-06-18 14:00:00', 1, 2, ''),
('2012-06-18 14:15:00', 2, 2, ''),
('2012-06-18 15:00:00', 1, 2, ''),
('2012-06-18 15:15:00', 2, 2, ''),
('2012-06-18 16:00:00', 1, 1, ''),
('2012-06-18 16:15:00', 2, 1, ''),
('2012-06-18 17:00:00', 1, 1, ''),
('2012-06-18 17:15:00', 2, 1, ''),
('2012-06-18 18:00:00', 1, 1, ''),
('2012-06-18 18:15:00', 2, 1, ''),
('2012-06-18 19:00:00', 1, 1, ''),
('2012-06-18 19:15:00', 2, 1, ''),
('2012-06-18 20:00:00', 1, 1, ''),
('2012-06-18 20:15:00', 2, 1, ''),
('2012-06-18 21:00:00', 1, 1, ''),
('2012-06-18 21:15:00', 2, 1, ''),
('2012-06-18 22:00:00', 1, 1, ''),
('2012-06-18 22:15:00', 2, 1, ''),
('2012-06-19 22:15:00', 2, 1, ''),
('2012-06-19 22:00:00', 1, 1, ''),
('2012-06-19 21:15:00', 2, 1, ''),
('2012-06-19 21:00:00', 1, 1, ''),
('2012-06-19 20:15:00', 2, 1, ''),
('2012-06-19 20:00:00', 1, 1, ''),
('2012-06-19 19:15:00', 2, 1, ''),
('2012-06-19 19:00:00', 1, 1, ''),
('2012-06-19 18:15:00', 2, 1, ''),
('2012-06-19 18:00:00', 1, 1, ''),
('2012-06-19 17:15:00', 2, 1, ''),
('2012-06-19 17:00:00', 1, 1, ''),
('2012-06-19 16:15:00', 2, 1, ''),
('2012-06-19 16:00:00', 1, 1, ''),
('2012-06-19 15:15:00', 2, 2, ''),
('2012-06-19 15:00:00', 1, 2, ''),
('2012-06-19 14:15:00', 2, 2, ''),
('2012-06-19 14:00:00', 1, 2, ''),
('2012-06-19 12:15:00', 2, 2, ''),
('2012-06-19 12:00:00', 1, 2, ''),
('2012-06-19 10:15:00', 2, 2, ''),
('2012-06-19 10:00:00', 1, 2, ''),
('2012-06-19 08:15:00', 2, 1, ''),
('2012-06-19 08:00:00', 1, 1, ''),
('2012-06-20 08:00:00', 1, 1, ''),
('2012-06-20 08:15:00', 2, 1, ''),
('2012-06-20 10:00:00', 1, 2, ''),
('2012-06-20 10:15:00', 2, 2, ''),
('2012-06-20 11:00:00', 1, 2, ''),
('2012-06-20 11:15:00', 2, 2, ''),
('2012-06-20 12:00:00', 1, 2, ''),
('2012-06-20 12:15:00', 2, 2, ''),
('2012-06-20 13:00:00', 1, 2, ''),
('2012-06-20 13:15:00', 2, 2, ''),
('2012-06-20 14:00:00', 1, 2, ''),
('2012-06-20 14:15:00', 2, 2, ''),
('2012-06-20 15:00:00', 1, 1, ''),
('2012-06-20 15:15:00', 2, 1, ''),
('2012-06-20 16:00:00', 1, 1, ''),
('2012-06-20 16:15:00', 2, 1, ''),
('2012-06-20 16:30:00', 1, 1, ''),
('2012-06-20 16:45:00', 2, 1, ''),
('2012-06-20 17:00:00', 1, 1, ''),
('2012-06-20 17:15:00', 2, 1, ''),
('2012-06-25 08:15:00', 2, 1, ''),
('2012-06-25 08:00:00', 1, 1, ''),
('2012-06-20 18:00:00', 1, 1, ''),
('2012-06-20 18:15:00', 2, 1, ''),
('2012-06-20 19:00:00', 1, 1, ''),
('2012-06-20 19:15:00', 2, 1, ''),
('2012-06-20 20:00:00', 1, 1, ''),
('2012-06-20 20:15:00', 2, 1, ''),
('2012-06-20 21:00:00', 1, 1, ''),
('2012-06-20 21:15:00', 2, 1, ''),
('2012-06-20 21:30:00', 1, 1, ''),
('2012-06-20 21:45:00', 2, 1, ''),
('2012-06-20 22:00:00', 1, 1, ''),
('2012-06-20 22:15:00', 2, 1, ''),
('2012-06-20 22:30:00', 1, 1, ''),
('2012-06-20 22:45:00', 2, 1, ''),
('2012-06-20 23:00:00', 1, 1, ''),
('2012-06-20 23:15:00', 2, 1, ''),
('2012-06-21 08:00:00', 1, 1, ''),
('2012-06-21 08:15:00', 2, 1, ''),
('2012-06-21 10:00:00', 1, 2, ''),
('2012-06-21 10:15:00', 2, 2, ''),
('2012-06-21 12:00:00', 1, 1, ''),
('2012-06-21 12:15:00', 2, 1, ''),
('2012-06-21 14:00:00', 1, 2, ''),
('2012-06-21 14:15:00', 2, 2, ''),
('2012-06-21 15:00:00', 1, 1, ''),
('2012-06-21 15:15:00', 2, 1, ''),
('2012-06-21 16:00:00', 1, 1, ''),
('2012-06-21 16:15:00', 2, 1, ''),
('2012-06-21 17:00:00', 1, 1, ''),
('2012-06-21 17:15:00', 2, 1, ''),
('2012-06-21 18:00:00', 1, 1, ''),
('2012-06-21 18:15:00', 2, 1, ''),
('2012-06-21 19:00:00', 1, 1, ''),
('2012-06-21 19:15:00', 2, 1, ''),
('2012-06-21 20:00:00', 1, 1, ''),
('2012-06-21 20:15:00', 2, 1, ''),
('2012-06-21 21:00:00', 1, 1, ''),
('2012-06-21 21:15:00', 2, 1, ''),
('2012-06-21 22:00:00', 1, 1, ''),
('2012-06-21 22:15:00', 2, 1, ''),
('2012-06-22 08:00:00', 1, 1, ''),
('2012-06-22 08:15:00', 2, 1, ''),
('2012-06-22 10:00:00', 1, 2, ''),
('2012-06-22 10:15:00', 2, 2, ''),
('2012-06-22 11:00:00', 1, 2, ''),
('2012-06-22 11:15:00', 2, 2, ''),
('2012-06-22 12:00:00', 1, 1, ''),
('2012-06-22 12:15:00', 2, 1, ''),
('2012-06-22 13:00:00', 1, 1, ''),
('2012-06-22 13:15:00', 2, 1, ''),
('2012-06-22 14:00:00', 1, 1, ''),
('2012-06-22 14:15:00', 2, 1, ''),
('2012-06-22 15:00:00', 1, 1, ''),
('2012-06-22 15:15:00', 2, 1, ''),
('2012-06-22 16:00:00', 1, 1, ''),
('2012-06-22 16:15:00', 2, 1, ''),
('2012-06-22 16:30:00', 1, 1, ''),
('2012-06-22 16:45:00', 2, 1, ''),
('2012-06-22 17:00:00', 1, 1, ''),
('2012-06-22 17:15:00', 2, 1, ''),
('2012-06-22 17:30:00', 1, 1, ''),
('2012-06-22 17:45:00', 2, 1, ''),
('2012-06-22 18:00:00', 1, 1, ''),
('2012-06-22 18:15:00', 2, 1, ''),
('2012-06-22 19:00:00', 1, 1, ''),
('2012-06-22 19:15:00', 2, 1, ''),
('2012-06-22 20:00:00', 1, 1, ''),
('2012-06-22 20:15:00', 2, 1, ''),
('2012-06-22 21:00:00', 1, 1, ''),
('2012-06-22 21:15:00', 2, 1, ''),
('2012-06-22 22:00:00', 1, 1, ''),
('2012-06-22 22:15:00', 2, 1, ''),
('2012-06-22 23:00:00', 1, 1, ''),
('2012-06-22 23:15:00', 2, 1, ''),
('2012-06-23 00:00:00', 1, 1, ''),
('2012-06-23 00:15:00', 2, 1, ''),
('2012-06-23 08:00:00', 1, 1, ''),
('2012-06-23 08:15:00', 2, 1, ''),
('2012-06-23 09:00:00', 1, 1, ''),
('2012-06-23 09:15:00', 2, 1, ''),
('2012-06-23 10:00:00', 1, 1, ''),
('2012-06-23 10:15:00', 2, 1, ''),
('2012-06-23 11:00:00', 1, 1, ''),
('2012-06-23 11:15:00', 2, 1, ''),
('2012-06-23 12:00:00', 1, 1, ''),
('2012-06-23 12:15:00', 2, 1, ''),
('2012-06-23 13:00:00', 1, 1, ''),
('2012-06-23 13:15:00', 2, 1, ''),
('2012-06-23 14:00:00', 1, 1, ''),
('2012-06-23 14:15:00', 2, 1, ''),
('2012-06-23 15:00:00', 1, 1, ''),
('2012-06-23 15:15:00', 2, 1, ''),
('2012-06-23 16:00:00', 1, 1, ''),
('2012-06-23 16:15:00', 2, 1, ''),
('2012-06-23 17:00:00', 1, 1, ''),
('2012-06-23 17:15:00', 2, 1, ''),
('2012-06-23 18:00:00', 1, 1, ''),
('2012-06-23 18:15:00', 2, 1, ''),
('2012-06-23 19:00:00', 1, 1, ''),
('2012-06-23 19:15:00', 2, 1, ''),
('2012-06-23 20:00:00', 1, 1, ''),
('2012-06-23 20:15:00', 2, 1, ''),
('2012-06-23 21:00:00', 1, 1, ''),
('2012-06-23 21:15:00', 2, 1, ''),
('2012-06-23 22:00:00', 1, 1, ''),
('2012-06-23 22:15:00', 2, 1, ''),
('2012-06-23 23:00:00', 1, 1, ''),
('2012-06-23 23:15:00', 2, 1, ''),
('2012-06-24 00:00:00', 1, 1, ''),
('2012-06-24 00:15:00', 2, 1, ''),
('2012-06-24 08:00:00', 1, 1, ''),
('2012-06-24 08:15:00', 2, 1, ''),
('2012-06-24 09:00:00', 1, 1, ''),
('2012-06-24 09:15:00', 2, 1, ''),
('2012-06-24 10:00:00', 1, 1, ''),
('2012-06-24 10:15:00', 2, 1, ''),
('2012-06-24 11:00:00', 1, 1, ''),
('2012-06-24 11:15:00', 2, 1, ''),
('2012-06-24 12:00:00', 1, 1, ''),
('2012-06-24 12:15:00', 2, 1, ''),
('2012-06-24 13:00:00', 1, 1, ''),
('2012-06-24 13:15:00', 2, 1, ''),
('2012-06-24 14:00:00', 1, 1, ''),
('2012-06-24 14:15:00', 2, 1, ''),
('2012-06-24 15:00:00', 1, 1, ''),
('2012-06-24 15:15:00', 2, 1, ''),
('2012-06-24 16:00:00', 1, 1, ''),
('2012-06-24 16:15:00', 2, 1, ''),
('2012-06-24 17:00:00', 1, 1, ''),
('2012-06-24 17:15:00', 2, 1, ''),
('2012-06-24 18:00:00', 1, 1, ''),
('2012-06-24 18:15:00', 2, 1, ''),
('2012-06-24 19:00:00', 1, 1, ''),
('2012-06-24 19:15:00', 2, 1, ''),
('2012-06-24 20:00:00', 1, 1, ''),
('2012-06-24 20:15:00', 2, 1, ''),
('2012-06-24 21:00:00', 1, 1, ''),
('2012-06-24 21:15:00', 2, 1, ''),
('2012-06-24 22:00:00', 1, 1, ''),
('2012-06-24 22:15:00', 2, 1, ''),
('2012-04-06 08:00:00', 1, 2, ''),
('2012-04-06 08:15:00', 2, 2, ''),
('2012-04-06 09:00:00', 1, 2, ''),
('2012-04-06 09:15:00', 2, 2, ''),
('2012-04-06 10:00:00', 1, 2, ''),
('2012-04-06 10:15:00', 2, 2, ''),
('2012-04-06 11:00:00', 1, 2, ''),
('2012-04-06 11:15:00', 2, 2, ''),
('2012-04-06 12:00:00', 1, 2, ''),
('2012-04-06 12:15:00', 2, 2, ''),
('2012-04-06 13:00:00', 1, 2, ''),
('2012-04-06 13:15:00', 2, 2, ''),
('2012-04-06 14:00:00', 1, 2, ''),
('2012-04-06 14:15:00', 2, 2, ''),
('2012-04-06 15:00:00', 1, 2, ''),
('2012-04-06 15:15:00', 2, 2, ''),
('2012-04-06 16:00:00', 1, 2, ''),
('2012-04-06 16:15:00', 2, 2, ''),
('2012-04-06 17:00:00', 1, 2, ''),
('2012-04-06 17:15:00', 2, 2, ''),
('2012-04-06 18:00:00', 1, 2, ''),
('2012-04-06 18:15:00', 2, 2, ''),
('2012-04-14 08:30:00', 1, 2, ''),
('2012-04-14 08:45:00', 2, 2, ''),
('2012-06-26 19:15:00', 2, 1, ''),
('2012-06-26 20:00:00', 1, 1, ''),
('2012-06-26 20:15:00', 2, 1, ''),
('2012-06-26 21:00:00', 1, 1, ''),
('2012-06-26 21:15:00', 2, 1, ''),
('2012-06-26 22:00:00', 1, 1, ''),
('2012-06-26 22:15:00', 2, 1, ''),
('2012-06-27 08:00:00', 1, 1, ''),
('2012-06-27 08:15:00', 2, 1, ''),
('2012-06-27 10:00:00', 1, 2, ''),
('2012-06-27 10:15:00', 2, 2, ''),
('2012-06-27 11:00:00', 1, 2, ''),
('2012-06-27 11:15:00', 2, 2, ''),
('2012-06-27 12:00:00', 1, 2, ''),
('2012-06-27 12:15:00', 2, 2, ''),
('2012-06-27 13:00:00', 1, 2, ''),
('2012-06-27 13:15:00', 2, 2, ''),
('2012-06-27 14:00:00', 1, 2, ''),
('2012-06-27 14:15:00', 2, 2, ''),
('2012-06-27 15:00:00', 1, 1, ''),
('2012-06-27 15:15:00', 2, 1, ''),
('2012-06-27 15:30:00', 1, 1, ''),
('2012-06-27 15:45:00', 2, 1, ''),
('2012-06-27 16:00:00', 1, 1, ''),
('2012-06-27 16:15:00', 2, 1, ''),
('2012-06-27 16:30:00', 1, 1, ''),
('2012-06-27 16:45:00', 2, 1, ''),
('2012-06-27 17:00:00', 1, 1, ''),
('2012-06-27 17:15:00', 2, 1, ''),
('2012-06-27 18:00:00', 1, 1, ''),
('2012-06-27 18:15:00', 2, 1, ''),
('2012-06-27 19:00:00', 1, 1, ''),
('2012-06-27 19:15:00', 2, 1, ''),
('2012-06-27 20:00:00', 1, 1, ''),
('2012-06-27 20:15:00', 2, 1, ''),
('2012-06-27 21:00:00', 1, 1, ''),
('2012-06-27 21:15:00', 2, 1, ''),
('2012-06-27 21:30:00', 1, 1, ''),
('2012-06-27 21:45:00', 2, 1, ''),
('2012-06-27 22:00:00', 1, 1, ''),
('2012-06-27 22:15:00', 2, 1, ''),
('2012-06-27 22:30:00', 1, 1, ''),
('2012-06-27 22:45:00', 2, 1, ''),
('2012-06-27 23:00:00', 1, 1, ''),
('2012-06-27 23:15:00', 2, 1, ''),
('2012-06-28 08:00:00', 1, 1, ''),
('2012-06-28 08:15:00', 2, 1, ''),
('2012-06-28 10:00:00', 1, 2, ''),
('2012-06-28 10:15:00', 2, 2, ''),
('2012-06-28 12:00:00', 1, 1, ''),
('2012-06-28 12:15:00', 2, 1, ''),
('2012-06-28 14:00:00', 1, 2, ''),
('2012-06-28 14:15:00', 2, 2, ''),
('2012-06-28 15:00:00', 1, 1, ''),
('2012-06-28 15:15:00', 2, 1, ''),
('2012-06-28 16:00:00', 1, 1, ''),
('2012-06-28 16:15:00', 2, 1, ''),
('2012-06-28 17:00:00', 1, 1, ''),
('2012-06-28 17:15:00', 2, 1, ''),
('2012-06-28 18:00:00', 1, 1, ''),
('2012-06-28 18:15:00', 2, 1, ''),
('2012-06-28 19:00:00', 1, 1, ''),
('2012-06-28 19:15:00', 2, 1, ''),
('2012-06-28 20:00:00', 1, 1, ''),
('2012-06-28 20:15:00', 2, 1, ''),
('2012-06-28 21:00:00', 1, 1, ''),
('2012-06-28 21:15:00', 2, 1, ''),
('2012-06-28 22:00:00', 1, 1, ''),
('2012-06-28 22:15:00', 2, 1, ''),
('2012-06-29 08:00:00', 1, 1, ''),
('2012-06-29 08:15:00', 2, 1, ''),
('2012-06-29 10:00:00', 1, 2, ''),
('2012-06-29 10:15:00', 2, 2, ''),
('2012-06-29 11:00:00', 1, 2, ''),
('2012-06-29 11:15:00', 2, 2, ''),
('2012-06-29 12:00:00', 1, 1, ''),
('2012-06-29 12:15:00', 2, 1, ''),
('2012-06-29 13:00:00', 1, 1, ''),
('2012-06-29 13:15:00', 2, 1, ''),
('2012-06-29 14:00:00', 1, 1, ''),
('2012-06-29 14:15:00', 2, 1, ''),
('2012-06-29 15:00:00', 1, 1, ''),
('2012-06-29 15:15:00', 2, 1, ''),
('2012-06-29 16:00:00', 1, 1, ''),
('2012-06-29 16:15:00', 2, 1, ''),
('2012-06-29 16:30:00', 1, 1, ''),
('2012-06-29 16:45:00', 2, 1, ''),
('2012-06-29 17:00:00', 1, 1, ''),
('2012-06-29 17:15:00', 2, 1, ''),
('2012-06-29 17:30:00', 1, 1, ''),
('2012-06-29 17:45:00', 2, 1, ''),
('2012-06-29 18:00:00', 1, 1, ''),
('2012-06-29 18:15:00', 2, 1, ''),
('2012-06-29 19:00:00', 1, 1, ''),
('2012-06-29 19:15:00', 2, 1, ''),
('2012-06-29 20:00:00', 1, 1, ''),
('2012-06-29 20:15:00', 2, 1, ''),
('2012-06-29 21:00:00', 1, 1, ''),
('2012-06-29 21:15:00', 2, 1, ''),
('2012-06-29 22:00:00', 1, 1, ''),
('2012-06-29 22:15:00', 2, 1, ''),
('2012-06-29 23:00:00', 1, 1, ''),
('2012-06-29 23:15:00', 2, 1, ''),
('2012-06-30 00:00:00', 1, 1, ''),
('2012-06-30 00:15:00', 2, 1, ''),
('2012-06-30 08:00:00', 1, 1, ''),
('2012-06-30 08:15:00', 2, 1, ''),
('2012-06-30 09:00:00', 1, 1, ''),
('2012-06-30 09:15:00', 2, 1, ''),
('2012-06-30 10:00:00', 1, 1, ''),
('2012-06-30 10:15:00', 2, 1, ''),
('2012-06-30 11:00:00', 1, 1, ''),
('2012-06-30 11:15:00', 2, 1, ''),
('2012-06-30 12:00:00', 1, 1, ''),
('2012-06-30 12:15:00', 2, 1, ''),
('2012-06-30 13:00:00', 1, 1, ''),
('2012-06-30 13:15:00', 2, 1, ''),
('2012-06-30 14:00:00', 1, 1, ''),
('2012-06-30 14:15:00', 2, 1, ''),
('2012-06-30 15:00:00', 1, 1, ''),
('2012-06-30 15:15:00', 2, 1, ''),
('2012-06-30 16:00:00', 1, 1, ''),
('2012-06-30 16:15:00', 2, 1, ''),
('2012-06-30 17:00:00', 1, 1, ''),
('2012-06-30 17:15:00', 2, 1, ''),
('2012-06-30 18:00:00', 1, 1, ''),
('2012-06-30 18:15:00', 2, 1, ''),
('2012-06-30 19:00:00', 1, 1, ''),
('2012-06-30 19:15:00', 2, 1, ''),
('2012-06-30 20:00:00', 1, 1, ''),
('2012-06-30 20:15:00', 2, 1, ''),
('2012-06-30 21:00:00', 1, 1, ''),
('2012-06-30 21:15:00', 2, 1, ''),
('2012-06-30 22:00:00', 1, 1, ''),
('2012-06-30 22:15:00', 2, 1, ''),
('2012-06-30 23:00:00', 1, 1, ''),
('2012-06-30 23:15:00', 2, 1, ''),
('2012-07-01 00:00:00', 1, 1, ''),
('2012-07-01 00:15:00', 2, 1, ''),
('2012-04-29 01:15:00', 2, 1, ''),
('2012-04-29 01:00:00', 1, 1, ''),
('2012-07-01 08:00:00', 1, 1, ''),
('2012-07-01 08:15:00', 2, 1, ''),
('2012-07-01 09:00:00', 1, 1, ''),
('2012-07-01 09:15:00', 2, 1, ''),
('2012-07-01 10:00:00', 1, 1, ''),
('2012-07-01 10:15:00', 2, 1, ''),
('2012-07-01 11:00:00', 1, 1, ''),
('2012-07-01 11:15:00', 2, 1, ''),
('2012-07-01 12:00:00', 1, 1, ''),
('2012-07-01 12:15:00', 2, 1, ''),
('2012-07-01 13:00:00', 1, 1, ''),
('2012-07-01 13:15:00', 2, 1, ''),
('2012-07-01 14:00:00', 1, 1, ''),
('2012-07-01 14:15:00', 2, 1, ''),
('2012-07-01 15:00:00', 1, 1, ''),
('2012-07-01 15:15:00', 2, 1, ''),
('2012-07-01 16:00:00', 1, 1, ''),
('2012-07-01 16:15:00', 2, 1, ''),
('2012-07-01 17:00:00', 1, 1, ''),
('2012-07-01 17:15:00', 2, 1, ''),
('2012-07-01 18:00:00', 1, 1, ''),
('2012-07-01 18:15:00', 2, 1, ''),
('2012-07-01 19:00:00', 1, 1, ''),
('2012-07-01 19:15:00', 2, 1, ''),
('2012-07-01 20:00:00', 1, 1, ''),
('2012-07-01 20:15:00', 2, 1, ''),
('2012-07-01 21:00:00', 1, 1, ''),
('2012-07-01 21:15:00', 2, 1, ''),
('2012-07-01 22:00:00', 1, 1, ''),
('2012-07-01 22:15:00', 2, 1, ''),
('2012-07-01 23:00:00', 1, 1, ''),
('2012-07-01 23:15:00', 2, 1, ''),
('2012-07-02 08:00:00', 1, 1, ''),
('2012-07-02 08:15:00', 2, 1, 'Holiday Schedule'),
('2012-07-02 09:00:00', 1, 1, ''),
('2012-07-02 09:15:00', 2, 1, ''),
('2012-07-02 10:00:00', 1, 1, ''),
('2012-07-02 10:15:00', 2, 1, ''),
('2012-07-02 11:00:00', 1, 1, ''),
('2012-07-02 11:15:00', 2, 1, ''),
('2012-07-02 12:00:00', 1, 1, ''),
('2012-07-02 12:15:00', 2, 1, ''),
('2012-07-02 13:00:00', 1, 1, ''),
('2012-07-02 13:15:00', 2, 1, ''),
('2012-07-02 14:00:00', 1, 1, ''),
('2012-07-02 14:15:00', 2, 1, ''),
('2012-07-02 15:00:00', 1, 1, ''),
('2012-07-02 15:15:00', 2, 1, ''),
('2012-07-02 16:00:00', 1, 1, ''),
('2012-07-02 16:15:00', 2, 1, ''),
('2012-07-02 17:00:00', 1, 1, ''),
('2012-07-02 17:15:00', 2, 1, ''),
('2012-07-02 18:00:00', 1, 1, ''),
('2012-07-02 18:15:00', 2, 1, ''),
('2012-07-02 19:00:00', 1, 1, ''),
('2012-07-02 19:15:00', 2, 1, ''),
('2012-07-02 20:00:00', 1, 1, ''),
('2012-07-02 20:15:00', 2, 1, ''),
('2012-07-02 21:00:00', 1, 1, ''),
('2012-07-02 21:15:00', 2, 1, ''),
('2012-07-02 22:00:00', 1, 1, ''),
('2012-07-02 22:15:00', 2, 1, ''),
('2012-07-03 08:00:00', 1, 1, ''),
('2012-07-03 08:15:00', 2, 1, ''),
('2012-07-03 10:00:00', 1, 2, ''),
('2012-07-03 10:15:00', 2, 2, ''),
('2012-07-03 12:00:00', 1, 2, ''),
('2012-07-03 12:15:00', 2, 2, ''),
('2012-07-03 14:00:00', 1, 2, ''),
('2012-07-03 14:15:00', 2, 2, ''),
('2012-07-03 15:00:00', 1, 2, ''),
('2012-07-03 15:15:00', 2, 2, ''),
('2012-07-03 16:00:00', 1, 1, ''),
('2012-07-03 16:15:00', 2, 1, ''),
('2012-07-03 17:00:00', 1, 1, ''),
('2012-07-03 17:15:00', 2, 1, ''),
('2012-07-03 18:00:00', 1, 1, ''),
('2012-07-03 18:15:00', 2, 1, ''),
('2012-07-03 19:00:00', 1, 1, ''),
('2012-07-03 19:15:00', 2, 1, ''),
('2012-07-03 20:00:00', 1, 1, ''),
('2012-07-03 20:15:00', 2, 1, ''),
('2012-07-03 21:00:00', 1, 1, ''),
('2012-07-03 21:15:00', 2, 1, ''),
('2012-07-03 22:00:00', 1, 1, ''),
('2012-07-03 22:15:00', 2, 1, ''),
('2012-07-04 08:00:00', 1, 1, ''),
('2012-07-04 08:15:00', 2, 1, ''),
('2012-07-04 15:45:00', 1, 1, ''),
('2012-07-04 15:30:00', 1, 1, ''),
('2012-07-04 10:00:00', 1, 2, ''),
('2012-07-04 10:15:00', 2, 2, ''),
('2012-07-04 11:00:00', 1, 2, ''),
('2012-07-04 11:15:00', 2, 2, ''),
('2012-07-04 12:00:00', 1, 2, ''),
('2012-07-04 12:15:00', 2, 2, ''),
('2012-07-04 13:00:00', 1, 2, ''),
('2012-07-04 13:15:00', 2, 2, ''),
('2012-07-04 14:00:00', 1, 2, ''),
('2012-07-04 14:15:00', 2, 2, ''),
('2012-07-04 15:00:00', 1, 1, ''),
('2012-07-04 15:15:00', 2, 1, ''),
('2012-07-04 16:00:00', 1, 1, ''),
('2012-07-04 16:15:00', 2, 1, ''),
('2012-07-04 17:00:00', 1, 1, ''),
('2012-07-04 17:15:00', 2, 1, ''),
('2012-07-04 18:00:00', 1, 1, ''),
('2012-07-04 18:15:00', 2, 1, ''),
('2012-07-04 19:00:00', 1, 1, ''),
('2012-07-04 19:15:00', 2, 1, ''),
('2012-07-04 20:00:00', 1, 1, ''),
('2012-07-04 20:15:00', 2, 1, ''),
('2012-07-04 21:00:00', 1, 1, ''),
('2012-07-04 21:15:00', 2, 1, ''),
('2012-07-04 22:00:00', 1, 1, ''),
('2012-07-04 22:15:00', 2, 1, ''),
('2012-07-03 08:30:00', 1, 1, ''),
('2012-07-03 08:45:00', 2, 1, ''),
('2012-07-04 08:30:00', 1, 1, ''),
('2012-07-04 08:45:00', 2, 1, ''),
('2012-07-04 16:30:00', 1, 1, ''),
('2012-07-04 16:45:00', 1, 1, ''),
('2012-07-04 21:30:00', 1, 1, ''),
('2012-07-04 21:45:00', 2, 1, ''),
('2012-07-04 22:30:00', 1, 1, ''),
('2012-07-04 22:45:00', 2, 1, ''),
('2012-07-04 23:00:00', 1, 1, ''),
('2012-07-04 23:15:00', 2, 1, ''),
('2012-07-05 08:00:00', 1, 1, ''),
('2012-07-05 08:15:00', 2, 1, ''),
('2012-07-05 08:30:00', 1, 1, ''),
('2012-07-05 08:45:00', 2, 1, ''),
('2012-07-05 10:00:00', 1, 2, ''),
('2012-07-05 10:15:00', 2, 2, ''),
('2012-07-05 12:00:00', 1, 1, ''),
('2012-07-05 12:15:00', 2, 1, ''),
('2012-07-05 14:00:00', 1, 2, ''),
('2012-07-05 14:15:00', 2, 2, ''),
('2012-07-05 15:00:00', 1, 1, ''),
('2012-07-05 15:15:00', 2, 1, ''),
('2012-07-05 16:00:00', 1, 1, ''),
('2012-07-05 16:15:00', 2, 1, ''),
('2012-07-05 17:00:00', 1, 1, ''),
('2012-07-05 17:15:00', 2, 1, ''),
('2012-07-05 18:00:00', 1, 1, ''),
('2012-07-05 18:15:00', 2, 1, ''),
('2012-07-05 19:00:00', 1, 1, ''),
('2012-07-05 19:15:00', 2, 1, ''),
('2012-07-05 20:00:00', 1, 1, ''),
('2012-07-05 20:15:00', 2, 1, ''),
('2012-07-05 21:00:00', 1, 1, ''),
('2012-07-05 21:15:00', 2, 1, ''),
('2012-07-05 22:00:00', 1, 1, ''),
('2012-07-05 22:15:00', 2, 1, ''),
('2012-07-06 08:00:00', 1, 1, ''),
('2012-07-06 08:15:00', 2, 1, ''),
('2012-07-06 08:30:00', 1, 1, ''),
('2012-07-06 08:45:00', 2, 1, ''),
('2012-07-06 10:00:00', 1, 2, ''),
('2012-07-06 10:15:00', 2, 2, ''),
('2012-07-06 11:00:00', 1, 2, ''),
('2012-07-06 11:15:00', 2, 2, ''),
('2012-07-06 12:00:00', 1, 1, ''),
('2012-07-06 12:15:00', 2, 1, ''),
('2012-07-06 13:00:00', 1, 1, ''),
('2012-07-06 13:15:00', 2, 1, ''),
('2012-07-06 14:00:00', 1, 1, ''),
('2012-07-06 14:15:00', 2, 1, ''),
('2012-07-06 15:00:00', 1, 1, ''),
('2012-07-06 15:15:00', 2, 1, ''),
('2012-07-06 16:00:00', 1, 1, ''),
('2012-07-06 16:15:00', 2, 1, ''),
('2012-07-06 16:30:00', 1, 1, ''),
('2012-07-06 16:45:00', 2, 1, ''),
('2012-07-06 17:00:00', 1, 1, ''),
('2012-07-06 17:15:00', 2, 1, ''),
('2012-07-06 17:30:00', 1, 1, ''),
('2012-07-06 17:45:00', 2, 1, ''),
('2012-07-06 18:00:00', 1, 1, ''),
('2012-07-06 18:15:00', 2, 1, ''),
('2012-07-06 19:00:00', 1, 1, ''),
('2012-07-06 19:15:00', 2, 1, ''),
('2012-07-06 20:00:00', 1, 1, ''),
('2012-07-06 20:15:00', 2, 1, ''),
('2012-07-06 21:00:00', 1, 1, ''),
('2012-07-06 21:15:00', 2, 1, ''),
('2012-07-06 22:00:00', 1, 1, ''),
('2012-07-06 22:15:00', 2, 1, ''),
('2012-07-06 23:00:00', 1, 1, ''),
('2012-07-06 23:15:00', 2, 1, ''),
('2012-07-07 00:00:00', 1, 1, ''),
('2012-07-07 00:15:00', 2, 1, ''),
('2012-07-07 08:00:00', 1, 1, ''),
('2012-07-07 08:15:00', 2, 1, ''),
('2012-07-07 09:00:00', 1, 1, ''),
('2012-07-07 09:15:00', 2, 1, ''),
('2012-07-07 10:00:00', 1, 1, ''),
('2012-07-07 10:15:00', 2, 1, ''),
('2012-07-07 11:00:00', 1, 1, ''),
('2012-07-07 11:15:00', 2, 1, ''),
('2012-07-07 12:00:00', 1, 1, ''),
('2012-07-07 12:15:00', 2, 1, ''),
('2012-07-07 13:00:00', 1, 1, ''),
('2012-07-07 13:15:00', 2, 1, ''),
('2012-07-07 14:00:00', 1, 1, ''),
('2012-07-07 14:15:00', 2, 1, ''),
('2012-07-07 15:00:00', 1, 1, ''),
('2012-07-07 15:15:00', 2, 1, ''),
('2012-07-07 16:00:00', 1, 1, ''),
('2012-07-07 16:15:00', 2, 1, ''),
('2012-07-07 17:00:00', 1, 1, ''),
('2012-07-07 17:15:00', 2, 1, ''),
('2012-07-07 18:00:00', 1, 1, ''),
('2012-07-07 18:15:00', 2, 1, ''),
('2012-07-07 19:00:00', 1, 1, ''),
('2012-07-07 19:15:00', 2, 1, ''),
('2012-07-07 20:00:00', 1, 1, ''),
('2012-07-07 20:15:00', 2, 1, ''),
('2012-07-07 21:00:00', 1, 1, ''),
('2012-07-07 21:15:00', 2, 1, ''),
('2012-07-07 22:00:00', 1, 1, ''),
('2012-07-07 22:15:00', 2, 1, ''),
('2012-07-07 23:00:00', 1, 1, ''),
('2012-07-07 23:15:00', 2, 1, ''),
('2012-07-08 00:00:00', 1, 1, ''),
('2012-07-08 00:15:00', 2, 1, ''),
('2012-07-08 08:00:00', 1, 1, ''),
('2012-07-08 08:15:00', 2, 1, ''),
('2012-07-08 09:00:00', 1, 1, ''),
('2012-07-08 09:15:00', 2, 1, ''),
('2012-07-08 10:00:00', 1, 1, ''),
('2012-07-08 10:15:00', 2, 1, ''),
('2012-07-08 11:00:00', 1, 1, ''),
('2012-07-08 11:15:00', 2, 1, ''),
('2012-07-08 12:00:00', 1, 1, ''),
('2012-07-08 12:15:00', 2, 1, ''),
('2012-07-08 13:00:00', 1, 1, ''),
('2012-07-08 13:15:00', 2, 1, ''),
('2012-07-08 14:00:00', 1, 1, ''),
('2012-07-08 14:15:00', 2, 1, ''),
('2012-07-08 15:00:00', 1, 1, ''),
('2012-07-08 15:15:00', 2, 1, ''),
('2012-07-08 16:00:00', 1, 1, ''),
('2012-07-08 16:15:00', 2, 1, ''),
('2012-07-08 17:00:00', 1, 1, ''),
('2012-07-08 17:15:00', 2, 1, ''),
('2012-07-08 18:00:00', 1, 1, ''),
('2012-07-08 18:15:00', 2, 1, ''),
('2012-07-08 19:00:00', 1, 1, ''),
('2012-07-08 19:15:00', 2, 1, ''),
('2012-07-08 20:00:00', 1, 1, ''),
('2012-07-08 20:15:00', 2, 1, ''),
('2012-07-08 21:00:00', 1, 1, ''),
('2012-07-08 21:15:00', 2, 1, ''),
('2012-07-08 22:00:00', 1, 1, ''),
('2012-07-08 22:15:00', 2, 1, ''),
('2012-07-09 08:00:00', 1, 1, ''),
('2012-07-09 08:15:00', 2, 1, ''),
('2012-07-09 10:00:00', 1, 2, ''),
('2012-07-09 10:15:00', 2, 2, ''),
('2012-07-09 12:00:00', 1, 2, ''),
('2012-07-09 12:15:00', 2, 2, ''),
('2012-07-09 14:00:00', 1, 2, ''),
('2012-07-09 14:15:00', 2, 2, ''),
('2012-07-09 15:00:00', 1, 2, ''),
('2012-07-09 15:15:00', 2, 2, ''),
('2012-07-09 16:00:00', 1, 1, ''),
('2012-07-09 16:15:00', 2, 1, ''),
('2012-07-09 17:00:00', 1, 1, ''),
('2012-07-09 17:15:00', 2, 1, ''),
('2012-07-09 18:00:00', 1, 1, ''),
('2012-07-09 18:15:00', 2, 1, ''),
('2012-07-09 19:00:00', 1, 1, ''),
('2012-07-09 19:15:00', 2, 1, ''),
('2012-07-09 20:00:00', 1, 1, ''),
('2012-07-09 20:15:00', 2, 1, ''),
('2012-07-09 21:00:00', 1, 1, ''),
('2012-07-09 21:15:00', 2, 1, ''),
('2012-07-09 22:00:00', 1, 1, ''),
('2012-07-09 22:15:00', 2, 1, ''),
('2012-07-10 08:00:00', 1, 1, ''),
('2012-07-10 08:15:00', 2, 1, ''),
('2012-07-10 08:30:00', 1, 1, ''),
('2012-07-10 08:45:00', 2, 1, ''),
('2012-07-10 10:00:00', 1, 2, ''),
('2012-07-10 10:15:00', 2, 2, ''),
('2012-07-10 12:00:00', 1, 2, ''),
('2012-07-10 12:15:00', 2, 2, ''),
('2012-07-10 14:00:00', 1, 2, ''),
('2012-07-10 14:15:00', 2, 2, ''),
('2012-07-10 15:00:00', 1, 2, ''),
('2012-07-10 15:15:00', 2, 2, ''),
('2012-07-10 16:00:00', 1, 1, ''),
('2012-07-10 16:15:00', 2, 1, ''),
('2012-07-10 17:00:00', 1, 1, ''),
('2012-07-10 17:15:00', 2, 1, ''),
('2012-07-10 18:00:00', 1, 1, ''),
('2012-07-10 18:15:00', 2, 1, ''),
('2012-07-10 19:00:00', 1, 1, ''),
('2012-07-10 19:15:00', 2, 1, ''),
('2012-07-10 20:00:00', 1, 1, ''),
('2012-07-10 20:15:00', 2, 1, ''),
('2012-07-10 21:00:00', 1, 1, ''),
('2012-07-10 21:15:00', 2, 1, ''),
('2012-07-10 22:00:00', 1, 1, ''),
('2012-07-10 22:15:00', 2, 1, ''),
('2012-07-09 08:30:00', 1, 1, ''),
('2012-07-09 08:45:00', 2, 1, ''),
('2012-07-11 08:00:00', 1, 1, ''),
('2012-07-11 08:15:00', 2, 1, ''),
('2012-07-11 08:30:00', 1, 1, ''),
('2012-07-11 08:45:00', 2, 1, ''),
('2012-07-11 10:00:00', 1, 2, ''),
('2012-07-11 10:15:00', 2, 2, ''),
('2012-07-11 11:00:00', 1, 2, ''),
('2012-07-11 11:15:00', 2, 2, ''),
('2012-07-11 12:00:00', 1, 2, ''),
('2012-07-11 12:15:00', 2, 2, ''),
('2012-07-11 13:00:00', 1, 2, ''),
('2012-07-11 13:15:00', 2, 2, ''),
('2012-07-11 14:00:00', 1, 2, ''),
('2012-07-11 14:15:00', 2, 2, ''),
('2012-07-11 15:00:00', 1, 1, ''),
('2012-07-11 15:15:00', 2, 1, ''),
('2012-07-11 15:30:00', 1, 1, ''),
('2012-07-11 15:45:00', 2, 1, ''),
('2012-07-11 16:00:00', 1, 1, ''),
('2012-07-11 16:15:00', 2, 1, ''),
('2012-07-11 16:30:00', 1, 1, ''),
('2012-07-11 16:45:00', 2, 1, ''),
('2012-07-11 17:00:00', 1, 1, ''),
('2012-07-11 17:15:00', 2, 1, ''),
('2012-07-11 18:00:00', 1, 1, ''),
('2012-07-11 18:15:00', 2, 1, ''),
('2012-07-11 19:00:00', 1, 1, ''),
('2012-07-11 19:15:00', 2, 1, ''),
('2012-07-11 20:00:00', 1, 1, ''),
('2012-07-11 20:15:00', 2, 1, ''),
('2012-07-11 21:00:00', 1, 1, ''),
('2012-07-11 21:15:00', 2, 1, ''),
('2012-07-11 21:30:00', 1, 1, ''),
('2012-07-11 21:45:00', 2, 1, ''),
('2012-07-11 22:00:00', 1, 1, ''),
('2012-07-11 22:15:00', 2, 1, ''),
('2012-07-11 22:30:00', 1, 1, ''),
('2012-07-11 22:45:00', 2, 1, ''),
('2012-07-11 23:00:00', 1, 1, ''),
('2012-07-11 23:15:00', 2, 1, ''),
('2012-07-12 08:00:00', 1, 1, ''),
('2012-07-12 08:15:00', 2, 1, ''),
('2012-07-12 08:30:00', 1, 1, ''),
('2012-07-12 08:45:00', 2, 1, ''),
('2012-07-12 10:00:00', 1, 2, ''),
('2012-07-12 10:15:00', 2, 2, ''),
('2012-07-12 12:00:00', 1, 1, ''),
('2012-07-12 12:15:00', 2, 1, ''),
('2012-07-12 14:00:00', 1, 2, ''),
('2012-07-12 14:15:00', 2, 2, ''),
('2012-07-12 15:00:00', 1, 1, ''),
('2012-07-12 15:15:00', 2, 1, ''),
('2012-07-12 16:00:00', 1, 1, ''),
('2012-07-12 16:15:00', 2, 1, ''),
('2012-07-12 17:00:00', 1, 1, ''),
('2012-07-12 17:15:00', 2, 1, ''),
('2012-07-12 18:00:00', 1, 1, ''),
('2012-07-12 18:15:00', 2, 1, ''),
('2012-07-12 19:00:00', 1, 1, ''),
('2012-07-12 19:15:00', 2, 1, ''),
('2012-07-12 20:00:00', 1, 1, ''),
('2012-07-12 20:15:00', 2, 1, ''),
('2012-07-12 21:00:00', 1, 1, ''),
('2012-07-12 21:15:00', 2, 1, ''),
('2012-07-12 22:00:00', 1, 1, ''),
('2012-07-12 22:15:00', 2, 1, ''),
('2012-07-13 08:00:00', 1, 1, ''),
('2012-07-13 08:15:00', 2, 1, ''),
('2012-07-13 08:30:00', 1, 1, ''),
('2012-07-13 08:45:00', 2, 1, ''),
('2012-07-13 10:00:00', 1, 2, ''),
('2012-07-13 10:15:00', 2, 2, ''),
('2012-07-13 11:00:00', 1, 2, ''),
('2012-07-13 11:15:00', 2, 2, ''),
('2012-07-13 12:00:00', 1, 1, ''),
('2012-07-13 12:15:00', 2, 1, ''),
('2012-07-13 13:00:00', 1, 1, ''),
('2012-07-13 13:15:00', 2, 1, ''),
('2012-07-13 14:00:00', 1, 1, ''),
('2012-07-13 14:15:00', 2, 1, ''),
('2012-07-13 15:00:00', 1, 1, ''),
('2012-07-13 15:15:00', 2, 1, ''),
('2012-07-13 16:00:00', 1, 1, ''),
('2012-07-13 16:15:00', 2, 1, ''),
('2012-07-13 17:00:00', 1, 1, ''),
('2012-07-13 17:15:00', 2, 1, ''),
('2012-07-13 18:00:00', 1, 1, ''),
('2012-07-13 18:15:00', 2, 1, ''),
('2012-07-13 19:00:00', 1, 1, ''),
('2012-07-13 19:15:00', 2, 1, ''),
('2012-07-13 20:00:00', 1, 1, ''),
('2012-07-13 20:15:00', 2, 1, ''),
('2012-07-13 21:00:00', 1, 1, ''),
('2012-07-13 21:15:00', 2, 1, ''),
('2012-07-13 22:00:00', 1, 1, ''),
('2012-07-13 22:15:00', 2, 1, ''),
('2012-07-13 23:00:00', 1, 1, ''),
('2012-07-13 23:15:00', 2, 1, ''),
('2012-07-14 00:00:00', 1, 1, ''),
('2012-07-14 00:15:00', 2, 1, ''),
('2012-07-14 08:00:00', 1, 1, ''),
('2012-07-14 08:15:00', 2, 1, ''),
('2012-07-14 09:00:00', 1, 1, ''),
('2012-07-14 09:15:00', 2, 1, ''),
('2012-07-14 10:00:00', 1, 1, ''),
('2012-07-14 10:15:00', 2, 1, ''),
('2012-07-14 11:00:00', 1, 1, ''),
('2012-07-14 11:15:00', 2, 1, ''),
('2012-07-14 12:00:00', 1, 1, ''),
('2012-07-14 12:15:00', 2, 1, ''),
('2012-07-14 13:00:00', 1, 1, ''),
('2012-07-14 13:15:00', 2, 1, ''),
('2012-07-14 14:00:00', 1, 1, ''),
('2012-07-14 14:15:00', 2, 1, ''),
('2012-07-14 15:00:00', 1, 1, ''),
('2012-07-14 15:15:00', 2, 1, ''),
('2012-07-14 16:00:00', 1, 1, ''),
('2012-07-14 16:15:00', 2, 1, ''),
('2012-07-14 17:00:00', 1, 1, ''),
('2012-07-14 17:15:00', 2, 1, ''),
('2012-07-14 18:00:00', 1, 1, ''),
('2012-07-14 18:15:00', 2, 1, ''),
('2012-07-14 19:00:00', 1, 1, ''),
('2012-07-14 19:15:00', 2, 1, ''),
('2012-07-14 20:00:00', 1, 1, ''),
('2012-07-14 20:15:00', 2, 1, ''),
('2012-07-14 21:00:00', 1, 1, ''),
('2012-07-14 21:15:00', 2, 1, ''),
('2012-07-14 22:00:00', 1, 1, ''),
('2012-07-14 22:15:00', 2, 1, ''),
('2012-07-14 23:00:00', 1, 1, ''),
('2012-07-14 23:15:00', 2, 1, ''),
('2012-07-15 00:00:00', 1, 1, ''),
('2012-07-15 00:15:00', 2, 1, ''),
('2012-07-15 08:00:00', 1, 1, ''),
('2012-07-15 08:15:00', 2, 1, ''),
('2012-07-15 09:00:00', 1, 1, ''),
('2012-07-15 09:15:00', 2, 1, ''),
('2012-07-15 10:00:00', 1, 1, ''),
('2012-07-15 10:15:00', 2, 1, ''),
('2012-07-15 11:00:00', 1, 1, ''),
('2012-07-15 11:15:00', 2, 1, ''),
('2012-07-15 12:00:00', 1, 1, ''),
('2012-07-15 12:15:00', 2, 1, ''),
('2012-07-15 13:00:00', 1, 1, ''),
('2012-07-15 13:15:00', 2, 1, ''),
('2012-07-15 14:00:00', 1, 1, ''),
('2012-07-15 14:15:00', 2, 1, ''),
('2012-07-15 15:00:00', 1, 1, ''),
('2012-07-15 15:15:00', 2, 1, ''),
('2012-07-15 16:00:00', 1, 1, ''),
('2012-07-15 16:15:00', 2, 1, ''),
('2012-07-15 17:00:00', 1, 1, ''),
('2012-07-15 17:15:00', 2, 1, ''),
('2012-07-15 18:00:00', 1, 1, ''),
('2012-07-15 18:15:00', 2, 1, ''),
('2012-07-15 19:00:00', 1, 1, ''),
('2012-07-15 19:15:00', 2, 1, ''),
('2012-07-15 20:00:00', 1, 1, ''),
('2012-07-15 20:15:00', 2, 1, ''),
('2012-07-15 21:00:00', 1, 1, ''),
('2012-07-15 21:15:00', 2, 1, ''),
('2012-07-15 22:00:00', 1, 1, ''),
('2012-07-15 22:15:00', 2, 1, ''),
('2012-07-15 23:00:00', 1, 1, ''),
('2012-07-15 23:15:00', 2, 1, ''),
('2012-07-16 08:00:00', 1, 1, ''),
('2012-07-16 08:15:00', 2, 1, ''),
('2012-07-16 08:30:00', 1, 1, ''),
('2012-07-16 08:45:00', 2, 1, ''),
('2012-07-16 10:00:00', 1, 2, ''),
('2012-07-16 10:15:00', 2, 2, ''),
('2012-07-16 12:00:00', 1, 2, ''),
('2012-07-16 12:15:00', 2, 2, ''),
('2012-07-16 14:00:00', 1, 2, ''),
('2012-07-16 14:15:00', 2, 2, ''),
('2012-07-16 15:00:00', 1, 2, ''),
('2012-07-16 15:15:00', 2, 2, ''),
('2012-07-16 16:00:00', 1, 1, ''),
('2012-07-16 16:15:00', 2, 1, ''),
('2012-07-16 17:00:00', 1, 1, ''),
('2012-07-16 17:15:00', 2, 1, ''),
('2012-07-16 18:00:00', 1, 1, ''),
('2012-07-16 18:15:00', 2, 1, ''),
('2012-07-16 19:00:00', 1, 1, ''),
('2012-07-16 19:15:00', 2, 1, ''),
('2012-07-16 20:00:00', 1, 1, ''),
('2012-07-16 20:15:00', 2, 1, ''),
('2012-07-16 21:00:00', 1, 1, ''),
('2012-07-16 21:15:00', 2, 1, ''),
('2012-07-16 22:00:00', 1, 1, ''),
('2012-07-16 22:15:00', 2, 1, ''),
('2012-07-17 08:00:00', 1, 1, ''),
('2012-07-17 08:15:00', 2, 1, ''),
('2012-07-17 08:30:00', 1, 1, ''),
('2012-07-17 08:45:00', 2, 1, ''),
('2012-07-17 10:00:00', 1, 2, ''),
('2012-07-17 10:15:00', 2, 2, ''),
('2012-07-17 12:00:00', 1, 2, ''),
('2012-07-17 12:15:00', 2, 2, ''),
('2012-07-17 14:00:00', 1, 2, ''),
('2012-07-17 14:15:00', 2, 2, ''),
('2012-07-17 15:00:00', 1, 2, ''),
('2012-07-17 15:15:00', 2, 2, ''),
('2012-07-17 16:00:00', 1, 1, ''),
('2012-07-17 16:15:00', 2, 1, ''),
('2012-07-17 17:00:00', 1, 1, ''),
('2012-07-17 17:15:00', 2, 1, ''),
('2012-07-17 18:00:00', 1, 1, ''),
('2012-07-17 18:15:00', 2, 1, ''),
('2012-07-17 19:00:00', 1, 1, ''),
('2012-07-17 19:15:00', 2, 1, ''),
('2012-07-17 20:00:00', 1, 1, ''),
('2012-07-17 20:15:00', 2, 1, ''),
('2012-07-17 21:00:00', 1, 1, ''),
('2012-07-17 21:15:00', 2, 1, ''),
('2012-07-17 22:00:00', 1, 1, ''),
('2012-07-17 22:15:00', 2, 1, ''),
('2012-07-18 08:00:00', 1, 1, ''),
('2012-07-18 08:15:00', 2, 1, ''),
('2012-07-18 08:30:00', 1, 1, ''),
('2012-07-18 08:45:00', 2, 1, ''),
('2012-07-18 10:00:00', 1, 2, ''),
('2012-07-18 10:15:00', 2, 2, ''),
('2012-07-18 11:00:00', 1, 2, ''),
('2012-07-18 11:15:00', 2, 2, ''),
('2012-07-18 12:00:00', 1, 2, ''),
('2012-07-18 12:15:00', 2, 2, ''),
('2012-07-18 13:00:00', 1, 2, ''),
('2012-07-18 13:15:00', 2, 2, ''),
('2012-07-18 14:00:00', 1, 2, ''),
('2012-07-18 14:15:00', 2, 2, ''),
('2012-07-18 15:00:00', 1, 1, ''),
('2012-07-18 15:15:00', 2, 1, ''),
('2012-07-18 15:30:00', 1, 1, ''),
('2012-07-18 15:45:00', 2, 1, ''),
('2012-07-18 16:00:00', 1, 1, ''),
('2012-07-18 16:15:00', 2, 1, ''),
('2012-07-18 16:30:00', 1, 1, ''),
('2012-07-18 16:45:00', 2, 1, ''),
('2012-07-18 17:00:00', 1, 1, ''),
('2012-07-18 17:15:00', 2, 1, ''),
('2012-07-18 18:00:00', 1, 1, ''),
('2012-07-18 18:15:00', 2, 1, ''),
('2012-07-18 19:00:00', 1, 1, ''),
('2012-07-18 19:15:00', 2, 1, ''),
('2012-07-18 20:00:00', 1, 1, ''),
('2012-07-18 20:15:00', 2, 1, ''),
('2012-07-18 21:00:00', 1, 1, ''),
('2012-07-18 21:15:00', 2, 1, ''),
('2012-07-18 21:30:00', 1, 1, ''),
('2012-07-18 21:45:00', 2, 1, ''),
('2012-07-18 22:00:00', 1, 1, ''),
('2012-07-18 22:15:00', 2, 1, ''),
('2012-07-18 22:30:00', 1, 1, ''),
('2012-07-18 22:45:00', 2, 1, ''),
('2012-07-18 23:00:00', 1, 1, ''),
('2012-07-18 23:15:00', 2, 1, ''),
('2012-07-19 08:00:00', 1, 1, ''),
('2012-07-19 08:15:00', 2, 1, ''),
('2012-07-19 08:30:00', 1, 1, ''),
('2012-07-19 08:45:00', 2, 1, ''),
('2012-07-19 10:00:00', 1, 2, ''),
('2012-07-19 10:15:00', 2, 2, ''),
('2012-07-19 12:00:00', 1, 1, ''),
('2012-07-19 12:15:00', 2, 1, ''),
('2012-07-19 14:00:00', 1, 2, ''),
('2012-07-19 14:15:00', 2, 2, ''),
('2012-07-19 15:00:00', 1, 1, ''),
('2012-07-19 15:15:00', 2, 1, ''),
('2012-07-19 16:00:00', 1, 1, ''),
('2012-07-19 16:15:00', 2, 1, ''),
('2012-07-19 17:00:00', 1, 1, ''),
('2012-07-19 17:15:00', 2, 1, ''),
('2012-07-19 18:00:00', 1, 1, ''),
('2012-07-19 18:15:00', 2, 1, ''),
('2012-07-19 19:00:00', 1, 1, ''),
('2012-07-19 19:15:00', 2, 1, ''),
('2012-07-19 20:00:00', 1, 1, ''),
('2012-07-19 20:15:00', 2, 1, ''),
('2012-07-19 21:00:00', 1, 1, ''),
('2012-07-19 21:15:00', 2, 1, ''),
('2012-07-19 22:00:00', 1, 1, ''),
('2012-07-19 22:15:00', 2, 1, ''),
('2012-07-20 08:00:00', 1, 1, ''),
('2012-07-20 08:15:00', 2, 1, ''),
('2012-07-20 08:30:00', 1, 1, ''),
('2012-07-20 08:45:00', 2, 1, ''),
('2012-07-20 10:00:00', 1, 2, ''),
('2012-07-20 10:15:00', 2, 2, ''),
('2012-07-20 11:00:00', 1, 2, ''),
('2012-07-20 11:15:00', 2, 2, ''),
('2012-07-20 12:00:00', 1, 1, ''),
('2012-07-20 12:15:00', 2, 1, ''),
('2012-07-20 13:00:00', 1, 1, ''),
('2012-07-20 13:15:00', 2, 1, ''),
('2012-07-20 14:00:00', 1, 1, ''),
('2012-07-20 14:15:00', 2, 1, ''),
('2012-07-20 15:00:00', 1, 1, ''),
('2012-07-20 15:15:00', 2, 1, ''),
('2012-07-20 16:00:00', 1, 1, ''),
('2012-07-20 16:15:00', 2, 1, ''),
('2012-07-20 17:00:00', 1, 1, ''),
('2012-07-20 17:15:00', 2, 1, ''),
('2012-07-20 18:00:00', 1, 1, ''),
('2012-07-20 18:15:00', 2, 1, ''),
('2012-07-20 19:00:00', 1, 1, ''),
('2012-07-20 19:15:00', 2, 1, ''),
('2012-07-20 20:00:00', 1, 1, ''),
('2012-07-20 20:15:00', 2, 1, ''),
('2012-07-20 21:00:00', 1, 1, ''),
('2012-07-20 21:15:00', 2, 1, ''),
('2012-07-20 22:00:00', 1, 1, ''),
('2012-07-20 22:15:00', 2, 1, ''),
('2012-07-20 23:00:00', 1, 1, ''),
('2012-07-20 23:15:00', 2, 1, ''),
('2012-07-21 00:00:00', 1, 1, ''),
('2012-07-21 00:15:00', 2, 1, ''),
('2012-07-21 08:00:00', 1, 1, ''),
('2012-07-21 08:15:00', 2, 1, ''),
('2012-07-21 09:00:00', 1, 1, ''),
('2012-07-21 09:15:00', 2, 1, ''),
('2012-07-21 10:00:00', 1, 1, ''),
('2012-07-21 10:15:00', 2, 1, ''),
('2012-07-21 11:00:00', 1, 1, ''),
('2012-07-21 11:15:00', 2, 1, ''),
('2012-07-21 12:00:00', 1, 1, ''),
('2012-07-21 12:15:00', 2, 1, ''),
('2012-07-21 13:00:00', 1, 1, ''),
('2012-07-21 13:15:00', 2, 1, ''),
('2012-07-21 14:00:00', 1, 1, ''),
('2012-07-21 14:15:00', 2, 1, ''),
('2012-07-21 15:00:00', 1, 1, ''),
('2012-07-21 15:15:00', 2, 1, ''),
('2012-07-21 16:00:00', 1, 1, ''),
('2012-07-21 16:15:00', 2, 1, ''),
('2012-07-21 17:00:00', 1, 1, ''),
('2012-07-21 17:15:00', 2, 1, ''),
('2012-07-21 18:00:00', 1, 1, ''),
('2012-07-21 18:15:00', 2, 1, ''),
('2012-07-21 19:00:00', 1, 1, ''),
('2012-07-21 19:15:00', 2, 1, ''),
('2012-07-21 20:00:00', 1, 1, ''),
('2012-07-21 20:15:00', 2, 1, ''),
('2012-07-21 21:00:00', 1, 1, ''),
('2012-07-21 21:15:00', 2, 1, ''),
('2012-07-21 22:00:00', 1, 1, ''),
('2012-07-21 22:15:00', 2, 1, ''),
('2012-07-21 23:00:00', 1, 1, ''),
('2012-07-21 23:15:00', 2, 1, ''),
('2012-07-22 00:00:00', 1, 1, ''),
('2012-07-22 00:15:00', 2, 1, ''),
('2012-07-22 08:00:00', 1, 1, ''),
('2012-07-22 08:15:00', 2, 1, ''),
('2012-07-22 09:00:00', 1, 1, ''),
('2012-07-22 09:15:00', 2, 1, ''),
('2012-07-22 10:00:00', 1, 1, ''),
('2012-07-22 10:15:00', 2, 1, ''),
('2012-07-22 11:00:00', 1, 1, ''),
('2012-07-22 11:15:00', 2, 1, ''),
('2012-07-22 12:00:00', 1, 1, ''),
('2012-07-22 12:15:00', 2, 1, ''),
('2012-07-22 13:00:00', 1, 1, ''),
('2012-07-22 13:15:00', 2, 1, ''),
('2012-07-22 14:00:00', 1, 1, ''),
('2012-07-22 14:15:00', 2, 1, ''),
('2012-07-22 15:00:00', 1, 1, ''),
('2012-07-22 15:15:00', 2, 1, ''),
('2012-07-22 16:00:00', 1, 1, ''),
('2012-07-22 16:15:00', 2, 1, ''),
('2012-07-22 17:00:00', 1, 1, ''),
('2012-07-22 17:15:00', 2, 1, '');
INSERT INTO `departures` (`departureDateTime`, `departureLocation`, `tenderType`, `notes`) VALUES
('2012-07-22 18:00:00', 1, 1, ''),
('2012-07-22 18:15:00', 2, 1, ''),
('2012-07-22 19:00:00', 1, 1, ''),
('2012-07-22 19:15:00', 2, 1, ''),
('2012-07-22 20:00:00', 1, 1, ''),
('2012-07-22 20:15:00', 2, 1, ''),
('2012-07-22 21:00:00', 1, 1, ''),
('2012-07-22 21:15:00', 2, 1, ''),
('2012-07-22 22:00:00', 1, 1, ''),
('2012-07-22 22:15:00', 2, 1, ''),
('2012-07-23 08:00:00', 1, 1, ''),
('2012-07-23 08:15:00', 2, 1, ''),
('2012-07-23 08:30:00', 1, 1, ''),
('2012-07-23 08:45:00', 2, 1, ''),
('2012-07-23 10:00:00', 1, 2, ''),
('2012-07-23 10:15:00', 2, 2, ''),
('2012-07-23 12:00:00', 1, 2, ''),
('2012-07-23 12:15:00', 2, 2, ''),
('2012-07-23 14:00:00', 1, 2, ''),
('2012-07-23 14:15:00', 2, 2, ''),
('2012-07-23 15:00:00', 1, 2, ''),
('2012-07-23 15:15:00', 2, 2, ''),
('2012-07-23 16:00:00', 1, 1, ''),
('2012-07-23 16:15:00', 2, 1, ''),
('2012-07-23 17:00:00', 1, 1, ''),
('2012-07-23 17:15:00', 2, 1, ''),
('2012-07-23 18:00:00', 1, 1, ''),
('2012-07-23 18:15:00', 2, 1, ''),
('2012-07-23 19:00:00', 1, 1, ''),
('2012-07-23 19:15:00', 2, 1, ''),
('2012-07-23 20:00:00', 1, 1, ''),
('2012-07-23 20:15:00', 2, 1, ''),
('2012-07-23 21:00:00', 1, 1, ''),
('2012-07-23 21:15:00', 2, 1, ''),
('2012-07-23 22:00:00', 1, 1, ''),
('2012-07-23 22:15:00', 2, 1, ''),
('2012-07-24 08:00:00', 1, 1, ''),
('2012-07-24 08:15:00', 2, 1, ''),
('2012-07-24 08:30:00', 1, 1, ''),
('2012-07-24 08:45:00', 2, 1, ''),
('2012-07-24 10:00:00', 1, 2, ''),
('2012-07-24 10:15:00', 2, 2, ''),
('2012-07-24 12:00:00', 1, 2, ''),
('2012-07-24 12:15:00', 2, 2, ''),
('2012-07-24 14:00:00', 1, 2, ''),
('2012-07-24 14:15:00', 2, 2, ''),
('2012-07-24 15:00:00', 1, 2, ''),
('2012-07-24 15:15:00', 2, 2, ''),
('2012-07-24 16:00:00', 1, 1, ''),
('2012-07-24 16:15:00', 2, 1, ''),
('2012-07-24 17:00:00', 1, 1, ''),
('2012-07-24 17:15:00', 2, 1, ''),
('2012-07-24 18:00:00', 1, 1, ''),
('2012-07-24 18:15:00', 2, 1, ''),
('2012-07-24 19:00:00', 1, 1, ''),
('2012-07-24 19:15:00', 2, 1, ''),
('2012-07-24 20:00:00', 1, 1, ''),
('2012-07-24 20:15:00', 2, 1, ''),
('2012-07-24 21:00:00', 1, 1, ''),
('2012-07-24 21:15:00', 2, 1, ''),
('2012-07-24 22:00:00', 1, 1, ''),
('2012-07-24 22:15:00', 2, 1, ''),
('2012-07-25 08:00:00', 1, 1, ''),
('2012-07-25 08:15:00', 2, 1, ''),
('2012-07-25 08:30:00', 1, 1, ''),
('2012-07-25 08:45:00', 2, 1, ''),
('2012-07-25 10:00:00', 1, 2, ''),
('2012-07-25 10:15:00', 2, 2, ''),
('2012-07-25 11:00:00', 1, 2, ''),
('2012-07-25 11:15:00', 2, 2, ''),
('2012-07-25 12:00:00', 1, 2, ''),
('2012-07-25 12:15:00', 2, 2, ''),
('2012-07-25 13:00:00', 1, 2, ''),
('2012-07-25 13:15:00', 2, 2, ''),
('2012-07-25 14:00:00', 1, 2, ''),
('2012-07-25 14:15:00', 2, 2, ''),
('2012-07-25 15:00:00', 1, 1, ''),
('2012-07-25 15:15:00', 2, 1, ''),
('2012-07-25 15:30:00', 1, 1, ''),
('2012-07-25 15:45:00', 2, 1, ''),
('2012-07-25 16:00:00', 1, 1, ''),
('2012-07-25 16:15:00', 2, 1, ''),
('2012-07-25 16:30:00', 1, 1, ''),
('2012-07-25 16:45:00', 2, 1, ''),
('2012-07-25 17:00:00', 1, 1, ''),
('2012-07-25 17:15:00', 2, 1, ''),
('2012-07-25 18:00:00', 1, 1, ''),
('2012-07-25 18:15:00', 2, 1, ''),
('2012-07-25 19:00:00', 1, 1, ''),
('2012-07-25 19:15:00', 2, 1, ''),
('2012-07-25 20:00:00', 1, 1, ''),
('2012-07-25 20:15:00', 2, 1, ''),
('2012-07-25 21:00:00', 1, 1, ''),
('2012-07-25 21:15:00', 2, 1, ''),
('2012-07-25 21:30:00', 1, 1, ''),
('2012-07-25 21:45:00', 2, 1, ''),
('2012-07-25 22:00:00', 1, 1, ''),
('2012-07-25 22:15:00', 2, 1, ''),
('2012-07-25 22:30:00', 1, 1, ''),
('2012-07-25 22:45:00', 2, 1, ''),
('2012-07-25 23:00:00', 1, 1, ''),
('2012-07-25 23:15:00', 2, 1, ''),
('2012-07-26 08:00:00', 1, 1, ''),
('2012-07-26 08:15:00', 2, 1, ''),
('2012-07-26 08:30:00', 1, 1, ''),
('2012-07-26 08:45:00', 2, 1, ''),
('2012-07-26 10:00:00', 1, 2, ''),
('2012-07-26 10:15:00', 2, 2, ''),
('2012-07-26 12:00:00', 1, 2, ''),
('2012-07-26 12:15:00', 2, 2, ''),
('2012-07-26 14:00:00', 1, 2, ''),
('2012-07-26 14:15:00', 2, 2, ''),
('2012-07-26 15:00:00', 1, 1, ''),
('2012-07-26 15:15:00', 2, 1, ''),
('2012-07-26 16:00:00', 1, 1, ''),
('2012-07-26 16:15:00', 2, 1, ''),
('2012-07-26 17:00:00', 1, 1, ''),
('2012-07-26 17:15:00', 2, 1, ''),
('2012-07-26 18:00:00', 1, 1, ''),
('2012-07-26 18:15:00', 2, 1, ''),
('2012-07-26 19:00:00', 1, 1, ''),
('2012-07-26 19:15:00', 2, 1, ''),
('2012-07-26 20:00:00', 1, 1, ''),
('2012-07-26 20:15:00', 2, 1, ''),
('2012-07-26 21:00:00', 1, 1, ''),
('2012-07-26 21:15:00', 2, 1, ''),
('2012-07-26 22:00:00', 1, 1, ''),
('2012-07-26 22:15:00', 2, 1, ''),
('2012-07-27 08:00:00', 1, 1, ''),
('2012-07-27 08:15:00', 2, 1, ''),
('2012-07-27 08:30:00', 1, 1, ''),
('2012-07-27 08:45:00', 2, 1, ''),
('2012-07-27 10:00:00', 1, 2, ''),
('2012-07-27 10:15:00', 2, 2, ''),
('2012-07-27 11:00:00', 1, 2, ''),
('2012-07-27 11:15:00', 2, 2, ''),
('2012-07-27 12:00:00', 1, 1, ''),
('2012-07-27 12:15:00', 2, 1, ''),
('2012-07-27 13:00:00', 1, 1, ''),
('2012-07-27 13:15:00', 2, 1, ''),
('2012-07-27 14:00:00', 1, 1, ''),
('2012-07-27 14:15:00', 2, 1, ''),
('2012-07-27 15:00:00', 1, 1, ''),
('2012-07-27 15:15:00', 2, 1, ''),
('2012-07-27 16:00:00', 1, 1, ''),
('2012-07-27 16:15:00', 2, 1, ''),
('2012-07-27 17:00:00', 1, 1, ''),
('2012-07-27 17:15:00', 2, 1, ''),
('2012-07-27 18:00:00', 1, 1, ''),
('2012-07-27 18:15:00', 2, 1, ''),
('2012-07-27 19:00:00', 1, 1, ''),
('2012-07-27 19:15:00', 2, 1, ''),
('2012-07-27 20:00:00', 1, 1, ''),
('2012-07-27 20:15:00', 2, 1, ''),
('2012-07-27 21:00:00', 1, 1, ''),
('2012-07-27 21:15:00', 2, 1, ''),
('2012-07-27 22:00:00', 1, 1, ''),
('2012-07-27 22:15:00', 2, 1, ''),
('2012-07-27 23:00:00', 1, 1, ''),
('2012-07-27 23:15:00', 2, 1, ''),
('2012-07-28 00:00:00', 1, 1, ''),
('2012-07-28 00:15:00', 2, 1, ''),
('2012-07-28 08:00:00', 1, 1, ''),
('2012-07-28 08:15:00', 2, 1, ''),
('2012-07-28 09:00:00', 1, 1, ''),
('2012-07-28 09:15:00', 2, 1, ''),
('2012-07-28 10:00:00', 1, 1, ''),
('2012-07-28 10:15:00', 2, 1, ''),
('2012-07-28 11:00:00', 1, 1, ''),
('2012-07-28 11:15:00', 2, 1, ''),
('2012-07-28 12:00:00', 1, 1, ''),
('2012-07-28 12:15:00', 2, 1, ''),
('2012-07-28 13:00:00', 1, 1, ''),
('2012-07-28 13:15:00', 2, 1, ''),
('2012-07-28 14:00:00', 1, 1, ''),
('2012-07-28 14:15:00', 2, 1, ''),
('2012-07-28 15:00:00', 1, 1, ''),
('2012-07-28 15:15:00', 2, 1, ''),
('2012-07-28 16:00:00', 1, 1, ''),
('2012-07-28 16:15:00', 2, 1, ''),
('2012-07-28 17:00:00', 1, 1, ''),
('2012-07-28 17:15:00', 2, 1, ''),
('2012-07-28 18:00:00', 1, 1, ''),
('2012-07-28 18:15:00', 2, 1, ''),
('2012-07-28 19:00:00', 1, 1, ''),
('2012-07-28 19:15:00', 2, 1, ''),
('2012-07-28 20:00:00', 1, 1, ''),
('2012-07-28 20:15:00', 2, 1, ''),
('2012-07-28 21:00:00', 1, 1, ''),
('2012-07-28 21:15:00', 2, 1, ''),
('2012-07-28 22:00:00', 1, 1, ''),
('2012-07-28 22:15:00', 2, 1, ''),
('2012-07-28 23:00:00', 1, 1, ''),
('2012-07-28 23:15:00', 2, 1, ''),
('2012-07-29 00:00:00', 1, 1, ''),
('2012-07-29 00:15:00', 2, 1, ''),
('2012-07-29 08:00:00', 1, 1, ''),
('2012-07-29 08:15:00', 2, 1, ''),
('2012-07-29 09:00:00', 1, 1, ''),
('2012-07-29 09:15:00', 2, 1, ''),
('2012-07-29 10:00:00', 1, 1, ''),
('2012-07-29 10:15:00', 2, 1, ''),
('2012-07-29 11:00:00', 1, 1, ''),
('2012-07-29 11:15:00', 2, 1, ''),
('2012-07-29 12:00:00', 1, 1, ''),
('2012-07-29 12:15:00', 2, 1, ''),
('2012-07-29 13:00:00', 1, 1, ''),
('2012-07-29 13:15:00', 2, 1, ''),
('2012-07-29 14:00:00', 1, 1, ''),
('2012-07-29 14:15:00', 2, 1, ''),
('2012-07-29 15:00:00', 1, 1, ''),
('2012-07-29 15:15:00', 2, 1, ''),
('2012-07-29 16:00:00', 1, 1, ''),
('2012-07-29 16:15:00', 2, 1, ''),
('2012-07-29 17:00:00', 1, 1, ''),
('2012-07-29 17:15:00', 2, 1, ''),
('2012-07-29 18:00:00', 1, 1, ''),
('2012-07-29 18:15:00', 2, 1, ''),
('2012-07-29 19:00:00', 1, 1, ''),
('2012-07-29 19:15:00', 2, 1, ''),
('2012-07-29 20:00:00', 1, 1, ''),
('2012-07-29 20:15:00', 2, 1, ''),
('2012-07-29 21:00:00', 1, 1, ''),
('2012-07-29 21:15:00', 2, 1, ''),
('2012-07-29 22:00:00', 1, 1, ''),
('2012-07-29 22:15:00', 2, 1, ''),
('2012-07-30 08:00:00', 1, 1, ''),
('2012-07-30 08:15:00', 2, 1, ''),
('2012-07-30 08:30:00', 1, 1, ''),
('2012-07-30 08:45:00', 2, 1, ''),
('2012-07-30 10:00:00', 1, 2, ''),
('2012-07-30 10:15:00', 2, 2, ''),
('2012-07-30 12:00:00', 1, 2, ''),
('2012-07-30 12:15:00', 2, 2, ''),
('2012-07-30 14:00:00', 1, 2, ''),
('2012-07-30 14:15:00', 2, 2, ''),
('2012-07-30 15:00:00', 1, 2, ''),
('2012-07-30 15:15:00', 2, 2, ''),
('2012-07-30 16:00:00', 1, 1, ''),
('2012-07-30 16:15:00', 2, 1, ''),
('2012-07-30 17:00:00', 1, 1, ''),
('2012-07-30 17:15:00', 2, 1, ''),
('2012-07-30 18:00:00', 1, 1, ''),
('2012-07-30 18:15:00', 2, 1, ''),
('2012-07-30 19:00:00', 1, 1, ''),
('2012-07-30 19:15:00', 2, 1, ''),
('2012-07-30 20:00:00', 1, 1, ''),
('2012-07-30 20:15:00', 2, 1, ''),
('2012-07-30 21:00:00', 1, 1, ''),
('2012-07-30 21:15:00', 2, 1, ''),
('2012-07-30 22:00:00', 1, 1, ''),
('2012-07-30 22:15:00', 2, 1, ''),
('2012-07-31 08:00:00', 1, 1, ''),
('2012-07-31 08:15:00', 2, 1, ''),
('2012-07-31 08:30:00', 1, 1, ''),
('2012-07-31 08:45:00', 2, 1, ''),
('2012-07-31 10:00:00', 1, 2, ''),
('2012-07-31 10:15:00', 2, 2, ''),
('2012-07-31 12:00:00', 1, 2, ''),
('2012-07-31 12:15:00', 2, 2, ''),
('2012-07-31 14:00:00', 1, 2, ''),
('2012-07-31 14:15:00', 2, 2, ''),
('2012-07-31 15:00:00', 1, 2, ''),
('2012-07-31 15:15:00', 2, 2, ''),
('2012-07-31 16:00:00', 1, 1, ''),
('2012-07-31 16:15:00', 2, 1, ''),
('2012-07-31 17:00:00', 1, 1, ''),
('2012-07-31 17:15:00', 2, 1, ''),
('2012-07-31 18:00:00', 1, 1, ''),
('2012-07-31 18:15:00', 2, 1, ''),
('2012-07-31 19:00:00', 1, 1, ''),
('2012-07-31 19:15:00', 2, 1, ''),
('2012-07-31 20:00:00', 1, 1, ''),
('2012-07-31 20:15:00', 2, 1, ''),
('2012-07-31 21:00:00', 1, 1, ''),
('2012-07-31 21:15:00', 2, 1, ''),
('2012-07-31 22:00:00', 1, 1, ''),
('2012-07-31 22:15:00', 2, 1, ''),
('2012-08-01 08:00:00', 1, 1, ''),
('2012-08-01 08:15:00', 2, 1, ''),
('2012-08-01 08:30:00', 1, 1, ''),
('2012-08-01 08:45:00', 2, 1, ''),
('2012-08-01 10:00:00', 1, 2, ''),
('2012-08-01 10:15:00', 2, 2, ''),
('2012-08-01 11:00:00', 1, 2, ''),
('2012-08-01 11:15:00', 2, 2, ''),
('2012-08-01 12:00:00', 1, 2, ''),
('2012-08-01 12:15:00', 2, 2, ''),
('2012-08-01 13:00:00', 1, 2, ''),
('2012-08-01 13:15:00', 2, 2, ''),
('2012-08-01 14:00:00', 1, 2, ''),
('2012-08-01 14:15:00', 2, 2, ''),
('2012-08-01 15:00:00', 1, 1, ''),
('2012-08-01 15:15:00', 2, 1, ''),
('2012-08-01 15:30:00', 1, 1, ''),
('2012-08-01 15:45:00', 2, 1, ''),
('2012-08-01 16:00:00', 1, 1, ''),
('2012-08-01 16:15:00', 2, 1, ''),
('2012-08-01 16:30:00', 1, 1, ''),
('2012-08-01 16:45:00', 2, 1, ''),
('2012-08-01 17:00:00', 1, 1, ''),
('2012-08-01 17:15:00', 2, 1, ''),
('2012-08-01 18:00:00', 1, 1, ''),
('2012-08-01 18:15:00', 2, 1, ''),
('2012-08-01 19:00:00', 1, 1, ''),
('2012-08-01 19:15:00', 2, 1, ''),
('2012-08-01 20:00:00', 1, 1, ''),
('2012-08-01 20:15:00', 2, 1, ''),
('2012-08-01 21:00:00', 1, 1, ''),
('2012-08-01 21:15:00', 2, 1, ''),
('2012-08-01 21:30:00', 1, 1, ''),
('2012-08-01 21:45:00', 2, 1, ''),
('2012-08-01 22:00:00', 1, 1, ''),
('2012-08-01 22:15:00', 2, 1, ''),
('2012-08-01 22:30:00', 1, 1, ''),
('2012-08-01 22:45:00', 2, 1, ''),
('2012-08-01 23:00:00', 1, 1, ''),
('2012-08-01 23:15:00', 2, 1, ''),
('2012-08-02 08:00:00', 1, 1, ''),
('2012-08-02 08:15:00', 2, 1, ''),
('2012-08-02 08:30:00', 1, 1, ''),
('2012-08-02 08:45:00', 2, 1, ''),
('2012-08-02 10:00:00', 1, 2, ''),
('2012-08-02 10:15:00', 2, 2, ''),
('2012-08-02 12:00:00', 1, 1, ''),
('2012-08-02 12:15:00', 2, 1, ''),
('2012-08-02 14:00:00', 1, 2, ''),
('2012-08-02 14:15:00', 2, 2, ''),
('2012-08-02 15:00:00', 1, 1, ''),
('2012-08-02 15:15:00', 2, 1, ''),
('2012-08-02 16:00:00', 1, 1, ''),
('2012-08-02 16:15:00', 2, 1, ''),
('2012-08-02 17:00:00', 1, 1, ''),
('2012-08-02 17:15:00', 2, 1, ''),
('2012-08-02 18:00:00', 1, 1, ''),
('2012-08-02 18:15:00', 2, 1, ''),
('2012-08-02 19:00:00', 1, 1, ''),
('2012-08-02 19:15:00', 2, 1, ''),
('2012-08-02 20:00:00', 1, 1, ''),
('2012-08-02 20:15:00', 2, 1, ''),
('2012-08-02 21:00:00', 1, 1, ''),
('2012-08-02 21:15:00', 2, 1, ''),
('2012-08-02 22:00:00', 1, 1, ''),
('2012-08-02 22:15:00', 2, 1, ''),
('2012-08-03 08:00:00', 1, 1, ''),
('2012-08-03 08:15:00', 2, 1, ''),
('2012-08-03 08:30:00', 1, 1, ''),
('2012-08-03 08:45:00', 2, 1, ''),
('2012-08-03 10:00:00', 1, 2, ''),
('2012-08-03 10:15:00', 2, 2, ''),
('2012-08-03 11:00:00', 1, 2, ''),
('2012-08-03 11:15:00', 2, 2, ''),
('2012-08-03 12:00:00', 1, 1, ''),
('2012-08-03 12:15:00', 2, 1, ''),
('2012-08-03 13:00:00', 1, 1, ''),
('2012-08-03 13:15:00', 2, 1, ''),
('2012-08-03 14:00:00', 1, 1, ''),
('2012-08-03 14:15:00', 2, 1, ''),
('2012-08-03 15:00:00', 1, 1, ''),
('2012-08-03 15:15:00', 2, 1, ''),
('2012-08-03 16:00:00', 1, 1, ''),
('2012-08-03 16:15:00', 2, 1, ''),
('2012-08-03 17:00:00', 1, 1, ''),
('2012-08-03 17:15:00', 2, 1, ''),
('2012-08-03 18:00:00', 1, 1, ''),
('2012-08-03 18:15:00', 2, 1, ''),
('2012-08-03 19:00:00', 1, 1, ''),
('2012-08-03 19:15:00', 2, 1, ''),
('2012-08-03 20:00:00', 1, 1, ''),
('2012-08-03 20:15:00', 2, 1, ''),
('2012-08-03 21:00:00', 1, 1, ''),
('2012-08-03 21:15:00', 2, 1, ''),
('2012-08-03 22:00:00', 1, 1, ''),
('2012-08-03 22:15:00', 2, 1, ''),
('2012-08-03 23:00:00', 1, 1, ''),
('2012-08-03 23:15:00', 2, 1, ''),
('2012-08-04 00:00:00', 1, 1, ''),
('2012-08-04 00:15:00', 2, 1, ''),
('2012-08-04 08:00:00', 1, 1, ''),
('2012-08-04 08:15:00', 2, 1, ''),
('2012-08-04 09:00:00', 1, 1, ''),
('2012-08-04 09:15:00', 2, 1, ''),
('2012-08-04 10:00:00', 1, 1, ''),
('2012-08-04 10:15:00', 2, 1, ''),
('2012-08-04 11:00:00', 1, 1, ''),
('2012-08-04 11:15:00', 2, 1, ''),
('2012-08-04 12:00:00', 1, 1, ''),
('2012-08-04 12:15:00', 2, 1, ''),
('2012-08-04 13:00:00', 1, 1, ''),
('2012-08-04 13:15:00', 2, 1, ''),
('2012-08-04 14:00:00', 1, 1, ''),
('2012-08-04 14:15:00', 2, 1, ''),
('2012-08-04 15:00:00', 1, 1, ''),
('2012-08-04 15:15:00', 2, 1, ''),
('2012-08-04 16:00:00', 1, 1, ''),
('2012-08-04 16:15:00', 2, 1, ''),
('2012-08-04 17:00:00', 1, 1, ''),
('2012-08-04 17:15:00', 2, 1, ''),
('2012-08-04 18:00:00', 1, 1, ''),
('2012-08-04 18:15:00', 2, 1, ''),
('2012-08-04 19:00:00', 1, 1, ''),
('2012-08-04 19:15:00', 2, 1, ''),
('2012-08-04 20:00:00', 1, 1, ''),
('2012-08-04 20:15:00', 2, 1, ''),
('2012-08-04 21:00:00', 1, 1, ''),
('2012-08-04 21:15:00', 2, 1, ''),
('2012-08-04 22:00:00', 1, 1, ''),
('2012-08-04 22:15:00', 2, 1, ''),
('2012-08-04 23:00:00', 1, 1, ''),
('2012-08-04 23:15:00', 2, 1, ''),
('2012-08-05 00:00:00', 1, 1, ''),
('2012-08-05 00:15:00', 2, 1, ''),
('2012-08-05 08:00:00', 1, 1, ''),
('2012-08-05 08:15:00', 2, 1, ''),
('2012-08-05 09:00:00', 1, 1, ''),
('2012-08-05 09:15:00', 2, 1, ''),
('2012-08-05 10:00:00', 1, 1, ''),
('2012-08-05 10:15:00', 2, 1, ''),
('2012-08-05 11:00:00', 1, 1, ''),
('2012-08-05 11:15:00', 2, 1, ''),
('2012-08-05 12:00:00', 1, 1, ''),
('2012-08-05 12:15:00', 2, 1, ''),
('2012-08-05 13:00:00', 1, 1, ''),
('2012-08-05 13:15:00', 2, 1, ''),
('2012-08-05 14:00:00', 1, 1, ''),
('2012-08-05 14:15:00', 2, 1, ''),
('2012-08-05 15:00:00', 1, 1, ''),
('2012-08-05 15:15:00', 2, 1, ''),
('2012-08-05 16:00:00', 1, 1, ''),
('2012-08-05 16:15:00', 2, 1, ''),
('2012-08-05 17:00:00', 1, 1, ''),
('2012-08-05 17:15:00', 2, 1, ''),
('2012-08-05 18:00:00', 1, 1, ''),
('2012-08-05 18:15:00', 2, 1, ''),
('2012-08-05 19:00:00', 1, 1, ''),
('2012-08-05 19:15:00', 2, 1, ''),
('2012-08-05 20:00:00', 1, 1, ''),
('2012-08-05 20:15:00', 2, 1, ''),
('2012-08-05 21:00:00', 1, 1, ''),
('2012-08-05 21:15:00', 2, 1, ''),
('2012-08-05 22:00:00', 1, 1, ''),
('2012-08-05 22:15:00', 2, 1, ''),
('2012-08-05 23:00:00', 1, 1, ''),
('2012-08-05 23:15:00', 2, 1, ''),
('2012-08-06 08:00:00', 1, 1, ''),
('2012-08-06 08:15:00', 2, 1, 'Holiday Schedule'),
('2012-08-06 09:00:00', 1, 1, ''),
('2012-08-06 09:15:00', 2, 1, ''),
('2012-08-06 10:00:00', 1, 1, ''),
('2012-08-06 10:15:00', 2, 1, ''),
('2012-08-06 11:00:00', 1, 1, ''),
('2012-08-06 11:15:00', 2, 1, ''),
('2012-08-06 12:00:00', 1, 1, ''),
('2012-08-06 12:15:00', 2, 1, ''),
('2012-08-06 13:00:00', 1, 1, ''),
('2012-08-06 13:15:00', 2, 1, ''),
('2012-08-06 14:00:00', 1, 1, ''),
('2012-08-06 14:15:00', 2, 1, ''),
('2012-08-06 15:00:00', 1, 1, ''),
('2012-08-06 15:15:00', 2, 1, ''),
('2012-08-06 16:00:00', 1, 1, ''),
('2012-08-06 16:15:00', 2, 1, ''),
('2012-08-06 17:00:00', 1, 1, ''),
('2012-08-06 17:15:00', 2, 1, ''),
('2012-08-06 18:00:00', 1, 1, ''),
('2012-08-06 18:15:00', 2, 1, ''),
('2012-08-06 19:00:00', 1, 1, ''),
('2012-08-06 19:15:00', 2, 1, ''),
('2012-08-06 20:00:00', 1, 1, ''),
('2012-08-06 20:15:00', 2, 1, ''),
('2012-08-06 21:00:00', 1, 1, ''),
('2012-08-06 21:15:00', 2, 1, ''),
('2012-08-06 22:00:00', 1, 1, ''),
('2012-08-06 22:15:00', 2, 1, ''),
('2012-08-07 08:00:00', 1, 1, ''),
('2012-08-07 08:15:00', 2, 1, ''),
('2012-08-07 08:30:00', 1, 1, ''),
('2012-08-07 08:45:00', 2, 1, ''),
('2012-08-07 10:00:00', 1, 2, ''),
('2012-08-07 10:15:00', 2, 2, ''),
('2012-08-07 12:00:00', 1, 2, ''),
('2012-08-07 12:15:00', 2, 2, ''),
('2012-08-07 14:00:00', 1, 2, ''),
('2012-08-07 14:15:00', 2, 2, ''),
('2012-08-07 15:00:00', 1, 2, ''),
('2012-08-07 15:15:00', 2, 2, ''),
('2012-08-07 16:00:00', 1, 1, ''),
('2012-08-07 16:15:00', 2, 1, ''),
('2012-08-07 17:00:00', 1, 1, ''),
('2012-08-07 17:15:00', 2, 1, ''),
('2012-08-07 18:00:00', 1, 1, ''),
('2012-08-07 18:15:00', 2, 1, ''),
('2012-08-07 19:00:00', 1, 1, ''),
('2012-08-07 19:15:00', 2, 1, ''),
('2012-08-07 20:00:00', 1, 1, ''),
('2012-08-07 20:15:00', 2, 1, ''),
('2012-08-07 21:00:00', 1, 1, ''),
('2012-08-07 21:15:00', 2, 1, ''),
('2012-08-07 22:00:00', 1, 1, ''),
('2012-08-07 22:15:00', 2, 1, ''),
('2012-08-08 08:00:00', 1, 1, ''),
('2012-08-08 08:15:00', 2, 1, ''),
('2012-08-08 08:30:00', 1, 1, ''),
('2012-08-08 08:45:00', 2, 1, ''),
('2012-08-08 10:00:00', 1, 2, ''),
('2012-08-08 10:15:00', 2, 2, ''),
('2012-08-08 11:00:00', 1, 2, ''),
('2012-08-08 11:15:00', 2, 2, ''),
('2012-08-08 12:00:00', 1, 2, ''),
('2012-08-08 12:15:00', 2, 2, ''),
('2012-08-08 13:00:00', 1, 2, ''),
('2012-08-08 13:15:00', 2, 2, ''),
('2012-08-08 14:00:00', 1, 2, ''),
('2012-08-08 14:15:00', 2, 2, ''),
('2012-08-08 15:00:00', 1, 1, ''),
('2012-08-08 15:15:00', 2, 1, ''),
('2012-08-08 15:30:00', 1, 1, ''),
('2012-08-08 15:45:00', 2, 1, ''),
('2012-08-08 16:00:00', 1, 1, ''),
('2012-08-08 16:15:00', 2, 1, ''),
('2012-08-08 16:30:00', 1, 1, ''),
('2012-08-08 16:45:00', 2, 1, ''),
('2012-08-08 17:00:00', 1, 1, ''),
('2012-08-08 17:15:00', 2, 1, ''),
('2012-08-08 18:00:00', 1, 1, ''),
('2012-08-08 18:15:00', 2, 1, ''),
('2012-08-08 19:00:00', 1, 1, ''),
('2012-08-08 19:15:00', 2, 1, ''),
('2012-08-08 20:00:00', 1, 1, ''),
('2012-08-08 20:15:00', 2, 1, ''),
('2012-08-08 21:00:00', 1, 1, ''),
('2012-08-08 21:15:00', 2, 1, ''),
('2012-08-08 21:30:00', 1, 1, ''),
('2012-08-08 21:45:00', 2, 1, ''),
('2012-08-08 22:00:00', 1, 1, ''),
('2012-08-08 22:15:00', 2, 1, ''),
('2012-08-08 22:30:00', 1, 1, ''),
('2012-08-08 22:45:00', 2, 1, ''),
('2012-08-08 23:00:00', 1, 1, ''),
('2012-08-08 23:15:00', 2, 1, ''),
('2012-08-09 08:00:00', 1, 1, ''),
('2012-08-09 08:15:00', 2, 1, ''),
('2012-08-09 08:30:00', 1, 1, ''),
('2012-08-09 08:45:00', 2, 1, ''),
('2012-08-09 10:00:00', 1, 2, ''),
('2012-08-09 10:15:00', 2, 2, ''),
('2012-08-09 12:00:00', 1, 1, ''),
('2012-08-09 12:15:00', 2, 1, ''),
('2012-08-09 14:00:00', 1, 2, ''),
('2012-08-09 14:15:00', 2, 2, ''),
('2012-08-09 15:00:00', 1, 1, ''),
('2012-08-09 15:15:00', 2, 1, ''),
('2012-08-09 16:00:00', 1, 1, ''),
('2012-08-09 16:15:00', 2, 1, ''),
('2012-08-09 17:00:00', 1, 1, ''),
('2012-08-09 17:15:00', 2, 1, ''),
('2012-08-09 18:00:00', 1, 1, ''),
('2012-08-09 18:15:00', 2, 1, ''),
('2012-08-09 19:00:00', 1, 1, ''),
('2012-08-09 19:15:00', 2, 1, ''),
('2012-08-09 20:00:00', 1, 1, ''),
('2012-08-09 20:15:00', 2, 1, ''),
('2012-08-09 21:00:00', 1, 1, ''),
('2012-08-09 21:15:00', 2, 1, ''),
('2012-08-09 22:00:00', 1, 1, ''),
('2012-08-09 22:15:00', 2, 1, ''),
('2012-08-10 08:00:00', 1, 1, ''),
('2012-08-10 08:15:00', 2, 1, ''),
('2012-08-10 08:30:00', 1, 1, ''),
('2012-08-10 08:45:00', 2, 1, ''),
('2012-08-10 10:00:00', 1, 2, ''),
('2012-08-10 10:15:00', 2, 2, ''),
('2012-08-10 11:00:00', 1, 2, ''),
('2012-08-10 11:15:00', 2, 2, ''),
('2012-08-10 12:00:00', 1, 1, ''),
('2012-08-10 12:15:00', 2, 1, ''),
('2012-08-10 13:00:00', 1, 1, ''),
('2012-08-10 13:15:00', 2, 1, ''),
('2012-08-10 14:00:00', 1, 1, ''),
('2012-08-10 14:15:00', 2, 1, ''),
('2012-08-10 15:00:00', 1, 1, ''),
('2012-08-10 15:15:00', 2, 1, ''),
('2012-08-10 16:00:00', 1, 1, ''),
('2012-08-10 16:15:00', 2, 1, ''),
('2012-08-10 17:00:00', 1, 1, ''),
('2012-08-10 17:15:00', 2, 1, ''),
('2012-08-10 18:00:00', 1, 1, ''),
('2012-08-10 18:15:00', 2, 1, ''),
('2012-08-10 19:00:00', 1, 1, ''),
('2012-08-10 19:15:00', 2, 1, ''),
('2012-08-10 20:00:00', 1, 1, ''),
('2012-08-10 20:15:00', 2, 1, ''),
('2012-08-10 21:00:00', 1, 1, ''),
('2012-08-10 21:15:00', 2, 1, ''),
('2012-08-10 22:00:00', 1, 1, ''),
('2012-08-10 22:15:00', 2, 1, ''),
('2012-08-10 23:00:00', 1, 1, ''),
('2012-08-10 23:15:00', 2, 1, ''),
('2012-08-11 00:00:00', 1, 1, ''),
('2012-08-11 00:15:00', 2, 1, ''),
('2012-08-11 08:00:00', 1, 1, ''),
('2012-08-11 08:15:00', 2, 1, ''),
('2012-08-11 09:00:00', 1, 1, ''),
('2012-08-11 09:15:00', 2, 1, ''),
('2012-08-11 10:00:00', 1, 1, ''),
('2012-08-11 10:15:00', 2, 1, ''),
('2012-08-11 11:00:00', 1, 1, ''),
('2012-08-11 11:15:00', 2, 1, ''),
('2012-08-11 12:00:00', 1, 1, ''),
('2012-08-11 12:15:00', 2, 1, ''),
('2012-08-11 13:00:00', 1, 1, ''),
('2012-08-11 13:15:00', 2, 1, ''),
('2012-08-11 14:00:00', 1, 1, ''),
('2012-08-11 14:15:00', 2, 1, ''),
('2012-08-11 15:00:00', 1, 1, ''),
('2012-08-11 15:15:00', 2, 1, ''),
('2012-08-11 16:00:00', 1, 1, ''),
('2012-08-11 16:15:00', 2, 1, ''),
('2012-08-11 17:00:00', 1, 1, ''),
('2012-08-11 17:15:00', 2, 1, ''),
('2012-08-11 18:00:00', 1, 1, ''),
('2012-08-11 18:15:00', 2, 1, ''),
('2012-08-11 19:00:00', 1, 1, ''),
('2012-08-11 19:15:00', 2, 1, ''),
('2012-08-11 20:00:00', 1, 1, ''),
('2012-08-11 20:15:00', 2, 1, ''),
('2012-08-11 21:00:00', 1, 1, ''),
('2012-08-11 21:15:00', 2, 1, ''),
('2012-08-11 22:00:00', 1, 1, ''),
('2012-08-11 22:15:00', 2, 1, ''),
('2012-08-11 23:00:00', 1, 1, ''),
('2012-08-11 23:15:00', 2, 1, ''),
('2012-08-12 00:00:00', 1, 1, ''),
('2012-08-12 00:15:00', 2, 1, ''),
('2012-08-12 01:00:00', 1, 1, ''),
('2012-08-12 01:15:00', 2, 1, ''),
('2012-08-12 08:00:00', 1, 1, ''),
('2012-08-12 08:15:00', 2, 1, ''),
('2012-08-12 09:00:00', 1, 1, ''),
('2012-08-12 09:15:00', 2, 1, ''),
('2012-08-12 10:00:00', 1, 1, ''),
('2012-08-12 10:15:00', 2, 1, ''),
('2012-08-12 11:00:00', 1, 1, ''),
('2012-08-12 11:15:00', 2, 1, ''),
('2012-08-12 12:00:00', 1, 1, ''),
('2012-08-12 12:15:00', 2, 1, ''),
('2012-08-12 13:00:00', 1, 1, ''),
('2012-08-12 13:15:00', 2, 1, ''),
('2012-08-12 14:00:00', 1, 1, ''),
('2012-08-12 14:15:00', 2, 1, ''),
('2012-08-12 15:00:00', 1, 1, ''),
('2012-08-12 15:15:00', 2, 1, ''),
('2012-08-12 16:00:00', 1, 1, ''),
('2012-08-12 16:15:00', 2, 1, ''),
('2012-08-12 17:00:00', 1, 1, ''),
('2012-08-12 17:15:00', 2, 1, ''),
('2012-08-12 18:00:00', 1, 1, ''),
('2012-08-12 18:15:00', 2, 1, ''),
('2012-08-12 19:00:00', 1, 1, ''),
('2012-08-12 19:15:00', 2, 1, ''),
('2012-08-12 20:00:00', 1, 1, ''),
('2012-08-12 20:15:00', 2, 1, ''),
('2012-08-12 21:00:00', 1, 1, ''),
('2012-08-12 21:15:00', 2, 1, ''),
('2012-08-12 22:00:00', 1, 1, ''),
('2012-08-12 22:15:00', 2, 1, ''),
('2012-08-13 08:00:00', 1, 1, ''),
('2012-08-13 08:15:00', 2, 1, ''),
('2012-08-13 08:30:00', 1, 1, ''),
('2012-08-13 08:45:00', 2, 1, ''),
('2012-08-13 10:00:00', 1, 2, ''),
('2012-08-13 10:15:00', 2, 2, ''),
('2012-08-13 12:00:00', 1, 2, ''),
('2012-08-13 12:15:00', 2, 2, ''),
('2012-08-13 14:00:00', 1, 2, ''),
('2012-08-13 14:15:00', 2, 2, ''),
('2012-08-13 15:00:00', 1, 2, ''),
('2012-08-13 15:15:00', 2, 2, ''),
('2012-08-13 16:00:00', 1, 1, ''),
('2012-08-13 16:15:00', 2, 1, ''),
('2012-08-13 17:00:00', 1, 1, ''),
('2012-08-13 17:15:00', 2, 1, ''),
('2012-08-13 18:00:00', 1, 1, ''),
('2012-08-13 18:15:00', 2, 1, ''),
('2012-08-13 19:00:00', 1, 1, ''),
('2012-08-13 19:15:00', 2, 1, ''),
('2012-08-13 20:00:00', 1, 1, ''),
('2012-08-13 20:15:00', 2, 1, ''),
('2012-08-13 21:00:00', 1, 1, ''),
('2012-08-13 21:15:00', 2, 1, ''),
('2012-08-13 22:00:00', 1, 1, ''),
('2012-08-13 22:15:00', 2, 1, ''),
('2012-08-14 08:00:00', 1, 1, ''),
('2012-08-14 08:15:00', 2, 1, ''),
('2012-08-14 08:30:00', 1, 1, ''),
('2012-08-14 08:45:00', 2, 1, ''),
('2012-08-14 10:00:00', 1, 2, ''),
('2012-08-14 10:15:00', 2, 2, ''),
('2012-08-14 12:00:00', 1, 2, ''),
('2012-08-14 12:15:00', 2, 2, ''),
('2012-08-14 14:00:00', 1, 2, ''),
('2012-08-14 14:15:00', 2, 2, ''),
('2012-08-14 15:00:00', 1, 2, ''),
('2012-08-14 15:15:00', 2, 2, ''),
('2012-08-14 16:00:00', 1, 1, ''),
('2012-08-14 16:15:00', 2, 1, ''),
('2012-08-14 17:00:00', 1, 1, ''),
('2012-08-14 17:15:00', 2, 1, ''),
('2012-08-14 18:00:00', 1, 1, ''),
('2012-08-14 18:15:00', 2, 1, ''),
('2012-08-14 19:00:00', 1, 1, ''),
('2012-08-14 19:15:00', 2, 1, ''),
('2012-08-14 20:00:00', 1, 1, ''),
('2012-08-14 20:15:00', 2, 1, ''),
('2012-08-14 21:00:00', 1, 1, ''),
('2012-08-14 21:15:00', 2, 1, ''),
('2012-08-14 22:00:00', 1, 1, ''),
('2012-08-14 22:15:00', 2, 1, ''),
('2012-08-15 08:00:00', 1, 1, ''),
('2012-08-15 08:15:00', 2, 1, ''),
('2012-08-15 08:30:00', 1, 1, ''),
('2012-08-15 08:45:00', 2, 1, ''),
('2012-08-15 10:00:00', 1, 2, ''),
('2012-08-15 10:15:00', 2, 2, ''),
('2012-08-15 11:00:00', 1, 2, ''),
('2012-08-15 11:15:00', 2, 2, ''),
('2012-08-15 12:00:00', 1, 2, ''),
('2012-08-15 12:15:00', 2, 2, ''),
('2012-08-15 13:00:00', 1, 2, ''),
('2012-08-15 13:15:00', 2, 2, ''),
('2012-08-15 14:00:00', 1, 2, ''),
('2012-08-15 14:15:00', 2, 2, ''),
('2012-08-15 15:00:00', 1, 2, ''),
('2012-08-15 15:15:00', 2, 2, ''),
('2012-08-15 15:30:00', 1, 1, ''),
('2012-08-15 15:45:00', 2, 1, ''),
('2012-08-15 16:00:00', 1, 1, ''),
('2012-08-15 16:15:00', 2, 1, ''),
('2012-08-15 16:30:00', 1, 1, ''),
('2012-08-15 16:45:00', 2, 1, ''),
('2012-08-15 17:00:00', 1, 1, ''),
('2012-08-15 17:15:00', 2, 1, ''),
('2012-08-15 18:00:00', 1, 1, ''),
('2012-08-15 18:15:00', 2, 1, ''),
('2012-08-15 19:00:00', 1, 1, ''),
('2012-08-15 19:15:00', 2, 1, ''),
('2012-08-15 20:00:00', 1, 1, ''),
('2012-08-15 20:15:00', 2, 1, ''),
('2012-08-15 21:00:00', 1, 1, ''),
('2012-08-15 21:15:00', 2, 1, ''),
('2012-08-15 21:30:00', 1, 1, ''),
('2012-08-15 21:45:00', 2, 1, ''),
('2012-08-15 22:00:00', 1, 1, ''),
('2012-08-15 22:15:00', 2, 1, ''),
('2012-08-15 22:30:00', 1, 1, ''),
('2012-08-15 22:45:00', 2, 1, ''),
('2012-08-15 23:00:00', 1, 1, ''),
('2012-08-15 23:15:00', 2, 1, ''),
('2012-08-16 08:00:00', 1, 1, ''),
('2012-08-16 08:15:00', 2, 1, ''),
('2012-08-16 08:30:00', 1, 1, ''),
('2012-08-16 08:45:00', 2, 1, ''),
('2012-08-16 10:00:00', 1, 2, ''),
('2012-08-16 10:15:00', 2, 2, ''),
('2012-08-16 12:00:00', 1, 1, ''),
('2012-08-16 12:15:00', 2, 1, ''),
('2012-08-16 14:00:00', 1, 2, ''),
('2012-08-16 14:15:00', 2, 2, ''),
('2012-08-16 15:00:00', 1, 1, ''),
('2012-08-16 15:15:00', 2, 1, ''),
('2012-08-16 16:00:00', 1, 1, ''),
('2012-08-16 16:15:00', 2, 1, ''),
('2012-08-16 17:00:00', 1, 1, ''),
('2012-08-16 17:15:00', 2, 1, ''),
('2012-08-16 18:00:00', 1, 1, ''),
('2012-08-16 18:15:00', 2, 1, ''),
('2012-08-16 19:00:00', 1, 1, ''),
('2012-08-16 19:15:00', 2, 1, ''),
('2012-08-16 20:00:00', 1, 1, ''),
('2012-08-16 20:15:00', 2, 1, ''),
('2012-08-16 21:00:00', 1, 1, ''),
('2012-08-16 21:15:00', 2, 1, ''),
('2012-08-16 22:00:00', 1, 1, ''),
('2012-08-16 22:15:00', 2, 1, ''),
('2012-08-17 08:00:00', 1, 1, ''),
('2012-08-17 08:15:00', 2, 1, ''),
('2012-08-17 08:30:00', 1, 1, ''),
('2012-08-17 08:45:00', 2, 1, ''),
('2012-08-17 10:00:00', 1, 2, ''),
('2012-08-17 10:15:00', 2, 2, ''),
('2012-08-17 11:00:00', 1, 2, ''),
('2012-08-17 11:15:00', 2, 2, ''),
('2012-08-17 12:00:00', 1, 1, ''),
('2012-08-17 12:15:00', 2, 1, ''),
('2012-08-17 13:00:00', 1, 1, ''),
('2012-08-17 13:15:00', 2, 1, ''),
('2012-08-17 14:00:00', 1, 1, ''),
('2012-08-17 14:15:00', 2, 1, ''),
('2012-08-17 15:00:00', 1, 1, ''),
('2012-08-17 15:15:00', 2, 1, ''),
('2012-08-17 16:00:00', 1, 1, ''),
('2012-08-17 16:15:00', 2, 1, ''),
('2012-08-17 17:00:00', 1, 1, ''),
('2012-08-17 17:15:00', 2, 1, ''),
('2012-08-17 18:00:00', 1, 1, ''),
('2012-08-17 18:15:00', 2, 1, ''),
('2012-08-17 19:00:00', 1, 1, ''),
('2012-08-17 19:15:00', 2, 1, ''),
('2012-08-17 20:00:00', 1, 1, ''),
('2012-08-17 20:15:00', 2, 1, ''),
('2012-08-17 21:00:00', 1, 1, ''),
('2012-08-17 21:15:00', 2, 1, ''),
('2012-08-17 22:00:00', 1, 1, ''),
('2012-08-17 22:15:00', 2, 1, ''),
('2012-08-17 23:00:00', 1, 1, ''),
('2012-08-17 23:15:00', 2, 1, ''),
('2012-08-18 00:00:00', 1, 1, ''),
('2012-08-18 00:15:00', 2, 1, ''),
('2012-08-18 08:00:00', 1, 1, ''),
('2012-08-18 08:15:00', 2, 1, ''),
('2012-08-18 09:00:00', 1, 1, ''),
('2012-08-18 09:15:00', 2, 1, ''),
('2012-08-18 10:00:00', 1, 1, ''),
('2012-08-18 10:15:00', 2, 1, ''),
('2012-08-18 11:00:00', 1, 1, ''),
('2012-08-18 11:15:00', 2, 1, ''),
('2012-08-18 12:00:00', 1, 1, ''),
('2012-08-18 12:15:00', 2, 1, ''),
('2012-08-18 13:00:00', 1, 1, ''),
('2012-08-18 13:15:00', 2, 1, ''),
('2012-08-18 14:00:00', 1, 1, ''),
('2012-08-18 14:15:00', 2, 1, ''),
('2012-08-18 15:00:00', 1, 1, ''),
('2012-08-18 15:15:00', 2, 1, ''),
('2012-08-18 16:00:00', 1, 1, ''),
('2012-08-18 16:15:00', 2, 1, ''),
('2012-08-18 17:00:00', 1, 1, ''),
('2012-08-18 17:15:00', 2, 1, ''),
('2012-08-18 18:00:00', 1, 1, ''),
('2012-08-18 18:15:00', 2, 1, ''),
('2012-08-18 19:00:00', 1, 1, ''),
('2012-08-18 19:15:00', 2, 1, ''),
('2012-08-18 20:00:00', 1, 1, ''),
('2012-08-18 20:15:00', 2, 1, ''),
('2012-08-18 21:00:00', 1, 1, ''),
('2012-08-18 21:15:00', 2, 1, ''),
('2012-08-18 22:00:00', 1, 1, ''),
('2012-08-18 22:15:00', 2, 1, ''),
('2012-08-18 23:00:00', 1, 1, ''),
('2012-08-18 23:15:00', 2, 1, ''),
('2012-08-19 00:00:00', 1, 1, ''),
('2012-08-19 00:15:00', 2, 1, ''),
('2012-08-19 08:00:00', 1, 1, ''),
('2012-08-19 08:15:00', 2, 1, ''),
('2012-08-19 09:00:00', 1, 1, ''),
('2012-08-19 09:15:00', 2, 1, ''),
('2012-08-19 10:00:00', 1, 1, ''),
('2012-08-19 10:15:00', 2, 1, ''),
('2012-08-19 11:00:00', 1, 1, ''),
('2012-08-19 11:15:00', 2, 1, ''),
('2012-08-19 12:00:00', 1, 1, ''),
('2012-08-19 12:15:00', 2, 1, ''),
('2012-08-19 13:00:00', 1, 1, ''),
('2012-08-19 13:15:00', 2, 1, ''),
('2012-08-19 14:00:00', 1, 1, ''),
('2012-08-19 14:15:00', 2, 1, ''),
('2012-08-19 15:00:00', 1, 1, ''),
('2012-08-19 15:15:00', 2, 1, ''),
('2012-08-19 16:00:00', 1, 1, ''),
('2012-08-19 16:15:00', 2, 1, ''),
('2012-08-19 17:00:00', 1, 1, ''),
('2012-08-19 17:15:00', 2, 1, ''),
('2012-08-19 18:00:00', 1, 1, ''),
('2012-08-19 18:15:00', 2, 1, ''),
('2012-08-19 19:00:00', 1, 1, ''),
('2012-08-19 19:15:00', 2, 1, ''),
('2012-08-19 20:00:00', 1, 1, ''),
('2012-08-19 20:15:00', 2, 1, ''),
('2012-08-19 21:00:00', 1, 1, ''),
('2012-08-19 21:15:00', 2, 1, ''),
('2012-08-19 22:00:00', 1, 1, ''),
('2012-08-19 22:15:00', 2, 1, ''),
('2012-08-20 08:00:00', 1, 1, ''),
('2012-08-20 08:15:00', 2, 1, ''),
('2012-08-20 08:30:00', 1, 1, ''),
('2012-08-20 08:45:00', 2, 1, ''),
('2012-08-20 10:00:00', 1, 2, ''),
('2012-08-20 10:15:00', 2, 2, ''),
('2012-08-20 12:00:00', 1, 2, ''),
('2012-08-20 12:15:00', 2, 2, ''),
('2012-08-20 14:00:00', 1, 2, ''),
('2012-08-20 14:15:00', 2, 2, ''),
('2012-08-20 15:00:00', 1, 2, ''),
('2012-08-20 15:15:00', 2, 2, ''),
('2012-08-20 16:00:00', 1, 1, ''),
('2012-08-20 16:15:00', 2, 1, ''),
('2012-08-20 17:00:00', 1, 1, ''),
('2012-08-20 17:15:00', 2, 1, ''),
('2012-08-20 18:00:00', 1, 1, ''),
('2012-08-20 18:15:00', 2, 1, ''),
('2012-08-20 19:00:00', 1, 1, ''),
('2012-08-20 19:15:00', 2, 1, ''),
('2012-08-20 20:00:00', 1, 1, ''),
('2012-08-20 20:15:00', 2, 1, ''),
('2012-08-20 21:00:00', 1, 1, ''),
('2012-08-20 21:15:00', 2, 1, ''),
('2012-08-20 22:00:00', 1, 1, ''),
('2012-08-20 22:15:00', 2, 1, ''),
('2012-08-21 08:00:00', 1, 1, ''),
('2012-08-21 08:15:00', 2, 1, ''),
('2012-08-21 08:30:00', 1, 1, ''),
('2012-08-21 08:45:00', 2, 1, ''),
('2012-08-21 10:00:00', 1, 2, ''),
('2012-08-21 10:15:00', 2, 2, ''),
('2012-08-21 12:00:00', 1, 2, ''),
('2012-08-21 12:15:00', 2, 2, ''),
('2012-08-21 14:00:00', 1, 2, ''),
('2012-08-21 14:15:00', 2, 2, ''),
('2012-08-21 15:00:00', 1, 2, ''),
('2012-08-21 15:15:00', 2, 2, ''),
('2012-08-21 16:00:00', 1, 1, ''),
('2012-08-21 16:15:00', 2, 1, ''),
('2012-08-21 17:00:00', 1, 1, ''),
('2012-08-21 17:15:00', 2, 1, ''),
('2012-08-21 18:00:00', 1, 1, ''),
('2012-08-21 18:15:00', 2, 1, ''),
('2012-08-21 19:00:00', 1, 1, ''),
('2012-08-21 19:15:00', 2, 1, ''),
('2012-08-21 20:00:00', 1, 1, ''),
('2012-08-21 20:15:00', 2, 1, ''),
('2012-08-21 21:00:00', 1, 1, ''),
('2012-08-21 21:15:00', 2, 1, ''),
('2012-08-21 22:00:00', 1, 1, ''),
('2012-08-21 22:15:00', 2, 1, ''),
('2012-08-22 08:00:00', 1, 1, ''),
('2012-08-22 08:15:00', 2, 1, ''),
('2012-08-22 08:30:00', 1, 1, ''),
('2012-08-22 08:45:00', 2, 1, ''),
('2012-08-22 10:00:00', 1, 2, ''),
('2012-08-22 10:15:00', 2, 2, ''),
('2012-08-22 11:00:00', 1, 2, ''),
('2012-08-22 11:15:00', 2, 2, ''),
('2012-08-22 12:00:00', 1, 2, ''),
('2012-08-22 12:15:00', 2, 2, ''),
('2012-08-22 13:00:00', 1, 2, ''),
('2012-08-22 13:15:00', 2, 2, ''),
('2012-08-22 14:00:00', 1, 2, ''),
('2012-08-22 14:15:00', 2, 2, ''),
('2012-08-22 15:00:00', 1, 1, ''),
('2012-08-22 15:15:00', 2, 1, ''),
('2012-08-22 15:30:00', 1, 1, ''),
('2012-08-22 15:45:00', 2, 1, ''),
('2012-08-22 16:00:00', 1, 1, ''),
('2012-08-22 16:15:00', 2, 1, ''),
('2012-08-22 16:30:00', 1, 1, ''),
('2012-08-22 16:45:00', 2, 1, ''),
('2012-08-22 17:00:00', 1, 1, ''),
('2012-08-22 17:15:00', 2, 1, ''),
('2012-08-22 18:00:00', 1, 1, ''),
('2012-08-22 18:15:00', 2, 1, ''),
('2012-08-22 19:00:00', 1, 1, ''),
('2012-08-22 19:15:00', 2, 1, ''),
('2012-08-22 20:00:00', 1, 1, ''),
('2012-08-22 20:15:00', 2, 1, ''),
('2012-08-22 21:00:00', 1, 1, ''),
('2012-08-22 21:15:00', 2, 1, ''),
('2012-08-22 21:30:00', 1, 1, ''),
('2012-08-22 21:45:00', 2, 1, ''),
('2012-08-22 22:00:00', 1, 1, ''),
('2012-08-22 22:15:00', 2, 1, ''),
('2012-08-22 22:30:00', 1, 1, ''),
('2012-08-22 22:45:00', 2, 1, ''),
('2012-08-22 23:00:00', 1, 1, ''),
('2012-08-22 23:15:00', 2, 1, ''),
('2012-08-23 08:00:00', 1, 1, ''),
('2012-08-23 08:15:00', 2, 1, ''),
('2012-08-23 08:30:00', 1, 1, ''),
('2012-08-23 08:45:00', 2, 1, ''),
('2012-08-23 10:00:00', 1, 2, ''),
('2012-08-23 10:15:00', 2, 2, ''),
('2012-08-23 12:00:00', 1, 1, ''),
('2012-08-23 12:15:00', 2, 1, ''),
('2012-08-23 14:00:00', 1, 2, ''),
('2012-08-23 14:15:00', 2, 2, ''),
('2012-08-23 15:00:00', 1, 1, ''),
('2012-08-23 15:15:00', 2, 1, ''),
('2012-08-23 16:00:00', 1, 1, ''),
('2012-08-23 16:15:00', 2, 1, ''),
('2012-08-23 17:00:00', 1, 1, ''),
('2012-08-23 17:15:00', 2, 1, ''),
('2012-08-23 18:00:00', 1, 1, ''),
('2012-08-23 18:15:00', 2, 1, ''),
('2012-08-23 19:00:00', 1, 1, ''),
('2012-08-23 19:15:00', 2, 1, ''),
('2012-08-23 20:00:00', 1, 1, ''),
('2012-08-23 20:15:00', 2, 1, ''),
('2012-08-23 21:00:00', 1, 1, ''),
('2012-08-23 21:15:00', 2, 1, ''),
('2012-08-23 22:00:00', 1, 1, ''),
('2012-08-23 22:15:00', 2, 1, ''),
('2012-08-24 08:00:00', 1, 1, ''),
('2012-08-24 08:15:00', 2, 1, ''),
('2012-08-24 08:30:00', 1, 1, ''),
('2012-08-24 08:45:00', 2, 1, ''),
('2012-08-24 10:00:00', 1, 2, ''),
('2012-08-24 10:15:00', 2, 2, ''),
('2012-08-24 11:00:00', 1, 2, ''),
('2012-08-24 11:15:00', 2, 2, ''),
('2012-08-24 12:00:00', 1, 1, ''),
('2012-08-24 12:15:00', 2, 1, ''),
('2012-08-24 13:00:00', 1, 1, ''),
('2012-08-24 13:15:00', 2, 1, ''),
('2012-08-24 14:00:00', 1, 1, ''),
('2012-08-24 14:15:00', 2, 1, ''),
('2012-08-24 15:00:00', 1, 1, ''),
('2012-08-24 15:15:00', 2, 1, ''),
('2012-08-24 16:00:00', 1, 1, ''),
('2012-08-24 16:15:00', 2, 1, ''),
('2012-08-24 17:00:00', 1, 1, ''),
('2012-08-24 17:15:00', 2, 1, ''),
('2012-08-24 18:00:00', 1, 1, ''),
('2012-08-24 18:15:00', 2, 1, ''),
('2012-08-24 19:00:00', 1, 1, ''),
('2012-08-24 19:15:00', 2, 1, ''),
('2012-08-24 20:00:00', 1, 1, ''),
('2012-08-24 20:15:00', 2, 1, ''),
('2012-08-24 21:00:00', 1, 1, ''),
('2012-08-24 21:15:00', 2, 1, ''),
('2012-08-24 22:00:00', 1, 1, ''),
('2012-08-24 22:15:00', 2, 1, ''),
('2012-08-24 23:00:00', 1, 1, ''),
('2012-08-24 23:15:00', 2, 1, ''),
('2012-08-25 00:00:00', 1, 1, ''),
('2012-08-25 00:15:00', 2, 1, ''),
('2012-08-25 08:00:00', 1, 1, ''),
('2012-08-25 08:15:00', 2, 1, ''),
('2012-08-25 09:00:00', 1, 1, ''),
('2012-08-25 09:15:00', 2, 1, ''),
('2012-08-25 10:00:00', 1, 1, ''),
('2012-08-25 10:15:00', 2, 1, ''),
('2012-08-25 11:00:00', 1, 1, ''),
('2012-08-25 11:15:00', 2, 1, ''),
('2012-08-25 12:00:00', 1, 1, ''),
('2012-08-25 12:15:00', 2, 1, ''),
('2012-08-25 13:00:00', 1, 1, ''),
('2012-08-25 13:15:00', 2, 1, ''),
('2012-08-25 14:00:00', 1, 1, ''),
('2012-08-25 14:15:00', 2, 1, ''),
('2012-08-25 15:00:00', 1, 1, ''),
('2012-08-25 15:15:00', 2, 1, ''),
('2012-08-25 16:00:00', 1, 1, ''),
('2012-08-25 16:15:00', 2, 1, ''),
('2012-08-25 17:00:00', 1, 1, ''),
('2012-08-25 17:15:00', 2, 1, ''),
('2012-08-25 18:00:00', 1, 1, ''),
('2012-08-25 18:15:00', 2, 1, ''),
('2012-08-25 19:00:00', 1, 1, ''),
('2012-08-25 19:15:00', 2, 1, ''),
('2012-08-25 20:00:00', 1, 1, ''),
('2012-08-25 20:15:00', 2, 1, ''),
('2012-08-25 21:00:00', 1, 1, ''),
('2012-08-25 21:15:00', 2, 1, ''),
('2012-08-25 22:00:00', 1, 1, ''),
('2012-08-25 22:15:00', 2, 1, ''),
('2012-08-25 23:00:00', 1, 1, ''),
('2012-08-25 23:15:00', 2, 1, ''),
('2012-08-26 00:00:00', 1, 1, ''),
('2012-08-26 00:15:00', 2, 1, ''),
('2012-08-26 08:00:00', 1, 1, ''),
('2012-08-26 08:15:00', 2, 1, ''),
('2012-08-26 09:00:00', 1, 1, ''),
('2012-08-26 09:15:00', 2, 1, ''),
('2012-08-26 10:00:00', 1, 1, ''),
('2012-08-26 10:15:00', 2, 1, ''),
('2012-08-26 11:00:00', 1, 1, ''),
('2012-08-26 11:15:00', 2, 1, ''),
('2012-08-26 12:00:00', 1, 1, ''),
('2012-08-26 12:15:00', 2, 1, ''),
('2012-08-26 13:00:00', 1, 1, ''),
('2012-08-26 13:15:00', 2, 1, ''),
('2012-08-26 14:00:00', 1, 1, ''),
('2012-08-26 14:15:00', 2, 1, ''),
('2012-08-26 15:00:00', 1, 1, ''),
('2012-08-26 15:15:00', 2, 1, ''),
('2012-08-26 16:00:00', 1, 1, ''),
('2012-08-26 16:15:00', 2, 1, ''),
('2012-08-26 17:00:00', 1, 1, ''),
('2012-08-26 17:15:00', 2, 1, ''),
('2012-08-26 18:00:00', 1, 1, ''),
('2012-08-26 18:15:00', 2, 1, ''),
('2012-08-26 19:00:00', 1, 1, ''),
('2012-08-26 19:15:00', 2, 1, ''),
('2012-08-26 20:00:00', 1, 1, ''),
('2012-08-26 20:15:00', 2, 1, ''),
('2012-08-26 21:00:00', 1, 1, ''),
('2012-08-26 21:15:00', 2, 1, ''),
('2012-08-26 22:00:00', 1, 1, ''),
('2012-08-26 22:15:00', 2, 1, ''),
('2012-08-27 08:00:00', 1, 1, ''),
('2012-08-27 08:15:00', 2, 1, ''),
('2012-08-27 08:30:00', 1, 1, ''),
('2012-08-27 08:45:00', 2, 1, ''),
('2012-08-27 10:00:00', 1, 2, ''),
('2012-08-27 10:15:00', 2, 2, ''),
('2012-08-27 12:00:00', 1, 2, ''),
('2012-08-27 12:15:00', 2, 2, ''),
('2012-08-27 14:00:00', 1, 2, ''),
('2012-08-27 14:15:00', 2, 2, ''),
('2012-08-27 15:00:00', 1, 2, ''),
('2012-08-27 15:15:00', 2, 2, ''),
('2012-08-27 16:00:00', 1, 1, ''),
('2012-08-27 16:15:00', 2, 1, ''),
('2012-08-27 17:00:00', 1, 1, ''),
('2012-08-27 17:15:00', 2, 1, ''),
('2012-08-27 18:00:00', 1, 1, ''),
('2012-08-27 18:15:00', 2, 1, ''),
('2012-08-27 19:00:00', 1, 1, ''),
('2012-08-27 19:15:00', 2, 1, ''),
('2012-08-27 20:00:00', 1, 1, ''),
('2012-08-27 20:15:00', 2, 1, ''),
('2012-08-27 21:00:00', 1, 1, ''),
('2012-08-27 21:15:00', 2, 1, ''),
('2012-08-27 22:00:00', 1, 1, ''),
('2012-08-27 22:15:00', 2, 1, ''),
('2012-08-28 08:00:00', 1, 1, ''),
('2012-08-28 08:15:00', 2, 1, ''),
('2012-08-28 08:30:00', 1, 1, ''),
('2012-08-28 08:45:00', 2, 1, ''),
('2012-08-28 10:00:00', 1, 2, ''),
('2012-08-28 10:15:00', 2, 2, ''),
('2012-08-28 12:00:00', 1, 2, ''),
('2012-08-28 12:15:00', 2, 2, ''),
('2012-08-28 14:00:00', 1, 2, ''),
('2012-08-28 14:15:00', 2, 2, ''),
('2012-08-28 15:00:00', 1, 2, ''),
('2012-08-28 15:15:00', 2, 2, ''),
('2012-08-28 16:00:00', 1, 1, ''),
('2012-08-28 16:15:00', 2, 1, ''),
('2012-08-28 17:00:00', 1, 1, ''),
('2012-08-28 17:15:00', 2, 1, ''),
('2012-08-28 18:00:00', 1, 1, ''),
('2012-08-28 18:15:00', 2, 1, ''),
('2012-08-28 19:00:00', 1, 1, ''),
('2012-08-28 19:15:00', 2, 1, ''),
('2012-08-28 20:00:00', 1, 1, ''),
('2012-08-28 20:15:00', 2, 1, ''),
('2012-08-28 21:00:00', 1, 1, ''),
('2012-08-28 21:15:00', 2, 1, ''),
('2012-08-28 22:00:00', 1, 1, ''),
('2012-08-28 22:15:00', 2, 1, ''),
('2012-08-29 08:00:00', 1, 1, ''),
('2012-08-29 08:15:00', 2, 1, ''),
('2012-08-29 08:30:00', 1, 1, ''),
('2012-08-29 08:45:00', 2, 1, ''),
('2012-08-29 10:00:00', 1, 2, ''),
('2012-08-29 10:15:00', 2, 2, ''),
('2012-08-29 11:00:00', 1, 2, ''),
('2012-08-29 11:15:00', 2, 2, ''),
('2012-08-29 12:00:00', 1, 2, ''),
('2012-08-29 12:15:00', 2, 2, ''),
('2012-08-29 13:00:00', 1, 2, ''),
('2012-08-29 13:15:00', 2, 2, ''),
('2012-08-29 14:00:00', 1, 2, ''),
('2012-08-29 14:15:00', 2, 2, ''),
('2012-08-29 15:00:00', 1, 1, ''),
('2012-08-29 15:15:00', 2, 1, ''),
('2012-08-29 15:30:00', 1, 1, ''),
('2012-08-29 15:45:00', 2, 1, ''),
('2012-08-29 16:00:00', 1, 1, ''),
('2012-08-29 16:15:00', 2, 1, ''),
('2012-08-29 16:30:00', 1, 1, ''),
('2012-08-29 16:45:00', 2, 1, ''),
('2012-08-29 17:00:00', 1, 1, ''),
('2012-08-29 17:15:00', 2, 1, ''),
('2012-08-29 18:00:00', 1, 1, ''),
('2012-08-29 18:15:00', 2, 1, ''),
('2012-08-29 19:00:00', 1, 1, ''),
('2012-08-29 19:15:00', 2, 1, ''),
('2012-08-29 20:00:00', 1, 1, ''),
('2012-08-29 20:15:00', 2, 1, ''),
('2012-08-29 21:00:00', 1, 1, ''),
('2012-08-29 21:15:00', 2, 1, ''),
('2012-08-29 21:30:00', 1, 1, ''),
('2012-08-29 21:45:00', 2, 1, ''),
('2012-08-29 22:00:00', 1, 1, ''),
('2012-08-29 22:15:00', 2, 1, ''),
('2012-08-29 22:30:00', 1, 1, ''),
('2012-08-29 22:45:00', 2, 1, ''),
('2012-08-29 23:00:00', 1, 1, ''),
('2012-08-29 23:15:00', 2, 1, ''),
('2012-08-30 08:00:00', 1, 1, ''),
('2012-08-30 08:15:00', 2, 1, ''),
('2012-08-30 08:30:00', 1, 1, ''),
('2012-08-30 08:45:00', 2, 1, ''),
('2012-08-30 10:00:00', 1, 2, ''),
('2012-08-30 10:15:00', 2, 2, ''),
('2012-08-30 12:00:00', 1, 1, ''),
('2012-08-30 12:15:00', 2, 1, ''),
('2012-08-30 14:00:00', 1, 2, ''),
('2012-08-30 14:15:00', 2, 2, ''),
('2012-08-30 15:00:00', 1, 1, ''),
('2012-08-30 15:15:00', 2, 1, ''),
('2012-08-30 16:00:00', 1, 1, ''),
('2012-08-30 16:15:00', 2, 1, ''),
('2012-08-30 17:00:00', 1, 1, ''),
('2012-08-30 17:15:00', 2, 1, ''),
('2012-08-30 18:00:00', 1, 1, ''),
('2012-08-30 18:15:00', 2, 1, ''),
('2012-08-30 19:00:00', 1, 1, ''),
('2012-08-30 19:15:00', 2, 1, ''),
('2012-08-30 20:00:00', 1, 1, ''),
('2012-08-30 20:15:00', 2, 1, ''),
('2012-08-30 21:00:00', 1, 1, ''),
('2012-08-30 21:15:00', 2, 1, ''),
('2012-08-30 22:00:00', 1, 1, ''),
('2012-08-30 22:15:00', 2, 1, ''),
('2012-08-31 08:00:00', 1, 1, ''),
('2012-08-31 08:15:00', 2, 1, ''),
('2012-08-31 08:30:00', 1, 1, ''),
('2012-08-31 08:45:00', 2, 1, ''),
('2012-08-31 10:00:00', 1, 2, ''),
('2012-08-31 10:15:00', 2, 2, ''),
('2012-08-31 11:00:00', 1, 2, ''),
('2012-08-31 11:15:00', 2, 2, ''),
('2012-08-31 12:00:00', 1, 1, ''),
('2012-08-31 12:15:00', 2, 1, ''),
('2012-08-31 13:00:00', 1, 1, ''),
('2012-08-31 13:15:00', 2, 1, ''),
('2012-08-31 14:00:00', 1, 1, ''),
('2012-08-31 14:15:00', 2, 1, ''),
('2012-08-31 15:00:00', 1, 1, ''),
('2012-08-31 15:15:00', 2, 1, ''),
('2012-08-31 16:00:00', 1, 1, ''),
('2012-08-31 16:15:00', 2, 1, ''),
('2012-08-31 17:00:00', 1, 1, ''),
('2012-08-31 17:15:00', 2, 1, ''),
('2012-08-31 18:00:00', 1, 1, ''),
('2012-08-31 18:15:00', 2, 1, ''),
('2012-08-31 19:00:00', 1, 1, ''),
('2012-08-31 19:15:00', 2, 1, ''),
('2012-08-31 20:00:00', 1, 1, ''),
('2012-08-31 20:15:00', 2, 1, ''),
('2012-08-31 21:00:00', 1, 1, ''),
('2012-08-31 21:15:00', 2, 1, ''),
('2012-08-31 22:00:00', 1, 1, ''),
('2012-08-31 22:15:00', 2, 1, ''),
('2012-08-31 23:00:00', 1, 1, ''),
('2012-08-31 23:15:00', 2, 1, ''),
('2012-09-01 00:00:00', 1, 1, ''),
('2012-09-01 00:15:00', 2, 1, ''),
('2012-09-01 08:00:00', 1, 1, ''),
('2012-09-01 08:15:00', 2, 1, 'Pig Roast'),
('2012-09-01 09:00:00', 1, 1, ''),
('2012-09-01 09:15:00', 2, 1, ''),
('2012-09-01 10:00:00', 1, 1, ''),
('2012-09-01 10:15:00', 2, 1, ''),
('2012-09-01 11:00:00', 1, 1, ''),
('2012-09-01 11:15:00', 2, 1, ''),
('2012-09-01 12:00:00', 1, 1, ''),
('2012-09-01 12:15:00', 2, 1, ''),
('2012-09-01 13:00:00', 1, 1, ''),
('2012-09-01 13:15:00', 2, 1, ''),
('2012-09-01 14:00:00', 1, 1, ''),
('2012-09-01 14:15:00', 2, 1, ''),
('2012-09-01 15:00:00', 1, 1, ''),
('2012-09-01 15:15:00', 2, 1, ''),
('2012-09-01 16:00:00', 1, 1, ''),
('2012-09-01 16:15:00', 2, 1, ''),
('2012-09-01 17:00:00', 1, 1, ''),
('2012-09-01 17:15:00', 2, 1, ''),
('2012-09-01 18:00:00', 1, 1, ''),
('2012-09-01 18:15:00', 2, 1, ''),
('2012-09-01 19:00:00', 1, 1, ''),
('2012-09-01 19:15:00', 2, 1, ''),
('2012-09-01 20:00:00', 1, 1, ''),
('2012-09-01 20:15:00', 2, 1, ''),
('2012-09-01 21:00:00', 1, 1, ''),
('2012-09-01 21:15:00', 2, 1, ''),
('2012-09-01 22:00:00', 1, 1, ''),
('2012-09-01 22:15:00', 2, 1, ''),
('2012-09-01 23:00:00', 1, 1, ''),
('2012-09-01 23:15:00', 2, 1, ''),
('2012-09-02 00:00:00', 1, 1, ''),
('2012-09-02 00:15:00', 2, 1, ''),
('2012-09-02 01:00:00', 1, 1, ''),
('2012-09-02 01:15:00', 2, 1, ''),
('2012-09-02 08:00:00', 1, 1, ''),
('2012-09-02 08:15:00', 2, 1, ''),
('2012-09-02 09:00:00', 1, 1, ''),
('2012-09-02 09:15:00', 2, 1, ''),
('2012-09-02 10:00:00', 1, 1, ''),
('2012-09-02 10:15:00', 2, 1, ''),
('2012-09-02 11:00:00', 1, 1, ''),
('2012-09-02 11:15:00', 2, 1, ''),
('2012-09-02 12:00:00', 1, 1, ''),
('2012-09-02 12:15:00', 2, 1, ''),
('2012-09-02 13:00:00', 1, 1, ''),
('2012-09-02 13:15:00', 2, 1, ''),
('2012-09-02 14:00:00', 1, 1, ''),
('2012-09-02 14:15:00', 2, 1, ''),
('2012-09-02 15:00:00', 1, 1, ''),
('2012-09-02 15:15:00', 2, 1, ''),
('2012-09-02 16:00:00', 1, 1, ''),
('2012-09-02 16:15:00', 2, 1, ''),
('2012-09-02 17:00:00', 1, 1, ''),
('2012-09-02 17:15:00', 2, 1, ''),
('2012-09-02 18:00:00', 1, 1, ''),
('2012-09-02 18:15:00', 2, 1, ''),
('2012-09-02 19:00:00', 1, 1, ''),
('2012-09-02 19:15:00', 2, 1, ''),
('2012-09-02 20:00:00', 1, 1, ''),
('2012-09-02 20:15:00', 2, 1, ''),
('2012-09-02 21:00:00', 1, 1, ''),
('2012-09-02 21:15:00', 2, 1, ''),
('2012-09-02 22:00:00', 1, 1, ''),
('2012-09-02 22:15:00', 2, 1, ''),
('2012-09-02 23:00:00', 1, 1, ''),
('2012-09-02 23:15:00', 2, 1, ''),
('2012-09-03 08:00:00', 1, 1, ''),
('2012-09-03 08:15:00', 2, 1, ''),
('2012-09-03 09:00:00', 1, 1, ''),
('2012-09-03 09:15:00', 2, 1, ''),
('2012-09-03 10:00:00', 1, 1, ''),
('2012-09-03 10:15:00', 2, 1, ''),
('2012-09-03 11:00:00', 1, 1, ''),
('2012-09-03 11:15:00', 2, 1, ''),
('2012-09-03 12:00:00', 1, 1, ''),
('2012-09-03 12:15:00', 2, 1, ''),
('2012-09-03 13:00:00', 1, 1, ''),
('2012-09-03 13:15:00', 2, 1, ''),
('2012-09-03 14:00:00', 1, 1, ''),
('2012-09-03 14:15:00', 2, 1, ''),
('2012-09-03 15:00:00', 1, 1, ''),
('2012-09-03 15:15:00', 2, 1, ''),
('2012-09-03 16:00:00', 1, 1, ''),
('2012-09-03 16:15:00', 2, 1, ''),
('2012-09-03 17:00:00', 1, 1, ''),
('2012-09-03 17:15:00', 2, 1, ''),
('2012-09-03 18:00:00', 1, 1, ''),
('2012-09-03 18:15:00', 2, 1, ''),
('2012-09-03 19:00:00', 1, 1, ''),
('2012-09-03 19:15:00', 2, 1, ''),
('2012-09-03 20:00:00', 1, 1, ''),
('2012-09-03 20:15:00', 2, 1, ''),
('2012-09-03 21:00:00', 1, 1, ''),
('2012-09-03 21:15:00', 2, 1, ''),
('2012-09-03 22:00:00', 1, 1, ''),
('2012-09-03 22:15:00', 2, 1, ''),
('2012-09-04 08:00:00', 1, 1, ''),
('2012-09-04 08:15:00', 2, 1, ''),
('2012-09-04 10:00:00', 1, 2, ''),
('2012-09-04 10:15:00', 2, 2, ''),
('2012-09-04 12:00:00', 1, 2, ''),
('2012-09-04 12:15:00', 2, 2, ''),
('2012-09-04 14:00:00', 1, 2, ''),
('2012-09-04 14:15:00', 2, 2, ''),
('2012-09-04 16:00:00', 1, 1, ''),
('2012-09-04 16:15:00', 2, 1, ''),
('2012-09-04 17:00:00', 1, 1, ''),
('2012-09-04 17:15:00', 2, 1, ''),
('2012-09-04 18:00:00', 1, 1, ''),
('2012-09-04 18:15:00', 2, 1, ''),
('2012-09-04 19:00:00', 1, 2, ''),
('2012-09-04 19:15:00', 2, 2, ''),
('2012-09-04 20:00:00', 1, 2, ''),
('2012-09-04 20:15:00', 2, 2, ''),
('2012-09-04 21:00:00', 1, 2, ''),
('2012-09-04 21:15:00', 2, 2, ''),
('2012-09-05 08:00:00', 1, 1, ''),
('2012-09-05 08:15:00', 2, 1, ''),
('2012-09-05 10:00:00', 1, 2, ''),
('2012-09-05 10:15:00', 2, 2, ''),
('2012-09-05 12:00:00', 1, 2, ''),
('2012-09-05 12:15:00', 2, 2, ''),
('2012-09-05 14:00:00', 1, 2, ''),
('2012-09-05 14:15:00', 2, 2, ''),
('2012-09-05 15:00:00', 1, 1, ''),
('2012-09-05 15:15:00', 2, 1, ''),
('2012-09-05 16:00:00', 1, 1, ''),
('2012-09-05 16:15:00', 2, 1, ''),
('2012-09-05 16:30:00', 1, 1, ''),
('2012-09-05 16:45:00', 2, 1, ''),
('2012-09-05 17:00:00', 1, 1, ''),
('2012-09-05 17:15:00', 2, 1, ''),
('2012-10-21 09:45:00', 3, 0, ''),
('2012-10-21 09:30:00', 3, 0, ''),
('2012-09-05 18:00:00', 1, 1, ''),
('2012-09-05 18:15:00', 2, 1, ''),
('2012-09-05 19:00:00', 1, 1, ''),
('2012-09-05 19:15:00', 2, 1, ''),
('2012-09-05 20:00:00', 1, 1, ''),
('2012-09-05 20:15:00', 2, 1, ''),
('2012-09-05 21:00:00', 1, 1, ''),
('2012-09-05 21:15:00', 2, 1, ''),
('2012-09-05 21:30:00', 1, 1, ''),
('2012-09-05 21:45:00', 2, 1, ''),
('2012-09-05 22:00:00', 1, 1, ''),
('2012-09-05 22:15:00', 2, 1, ''),
('2012-09-05 22:30:00', 1, 1, ''),
('2012-09-05 22:45:00', 2, 1, ''),
('2012-09-05 23:00:00', 1, 1, ''),
('2012-09-05 23:15:00', 2, 1, ''),
('2012-09-06 08:00:00', 1, 1, ''),
('2012-09-06 08:15:00', 2, 1, ''),
('2012-09-06 10:00:00', 1, 2, ''),
('2012-09-06 10:15:00', 2, 2, ''),
('2012-09-06 12:00:00', 1, 2, ''),
('2012-09-06 12:15:00', 2, 2, ''),
('2012-09-06 14:00:00', 1, 2, ''),
('2012-09-06 14:15:00', 2, 2, ''),
('2012-09-06 16:00:00', 1, 1, ''),
('2012-09-06 16:15:00', 2, 1, ''),
('2012-09-06 17:00:00', 1, 1, ''),
('2012-09-06 17:15:00', 2, 1, ''),
('2012-09-06 18:00:00', 1, 1, ''),
('2012-09-06 18:15:00', 2, 1, ''),
('2012-09-06 19:00:00', 1, 2, ''),
('2012-09-06 19:15:00', 2, 2, ''),
('2012-09-06 20:00:00', 1, 2, ''),
('2012-09-06 20:15:00', 2, 2, ''),
('2012-09-06 21:00:00', 1, 2, ''),
('2012-09-06 21:15:00', 2, 2, ''),
('2012-09-07 08:00:00', 1, 1, ''),
('2012-09-07 08:15:00', 2, 1, ''),
('2012-09-07 10:00:00', 1, 2, ''),
('2012-09-07 10:15:00', 2, 2, ''),
('2012-09-07 12:00:00', 1, 2, ''),
('2012-09-07 12:15:00', 2, 2, ''),
('2012-09-07 14:00:00', 1, 2, ''),
('2012-09-07 14:15:00', 2, 2, ''),
('2012-09-07 16:00:00', 1, 1, ''),
('2012-09-07 16:15:00', 2, 1, ''),
('2012-09-07 17:00:00', 1, 1, ''),
('2012-09-07 17:15:00', 2, 1, ''),
('2012-09-07 17:30:00', 1, 1, ''),
('2012-09-07 17:45:00', 2, 1, ''),
('2012-09-07 18:00:00', 1, 1, ''),
('2012-09-07 18:15:00', 2, 1, ''),
('2012-09-07 19:00:00', 1, 1, ''),
('2012-09-07 19:15:00', 2, 1, ''),
('2012-09-07 20:00:00', 1, 1, ''),
('2012-09-07 20:15:00', 2, 1, ''),
('2012-09-07 21:00:00', 1, 1, ''),
('2012-09-07 21:15:00', 2, 1, ''),
('2012-09-07 22:00:00', 1, 1, ''),
('2012-09-07 22:15:00', 2, 1, ''),
('2012-09-07 23:00:00', 1, 1, ''),
('2012-09-07 23:15:00', 2, 1, ''),
('2012-09-08 00:00:00', 1, 1, ''),
('2012-09-08 00:15:00', 2, 1, ''),
('2012-09-08 08:00:00', 1, 1, ''),
('2012-09-08 08:15:00', 2, 1, 'QCYC/NYC Open Regatta'),
('2012-09-08 09:00:00', 1, 1, ''),
('2012-09-08 09:15:00', 2, 1, ''),
('2012-09-08 10:00:00', 1, 1, ''),
('2012-09-08 10:15:00', 2, 1, ''),
('2012-09-08 11:00:00', 1, 1, ''),
('2012-09-08 11:15:00', 2, 1, ''),
('2012-09-08 12:00:00', 1, 1, ''),
('2012-09-08 12:15:00', 2, 1, ''),
('2012-09-08 13:00:00', 1, 1, ''),
('2012-09-08 13:15:00', 2, 1, ''),
('2012-09-08 14:00:00', 1, 2, ''),
('2012-09-08 14:15:00', 2, 2, ''),
('2012-09-08 15:00:00', 1, 1, ''),
('2012-09-08 15:15:00', 2, 1, ''),
('2012-09-08 16:00:00', 1, 1, ''),
('2012-09-08 16:15:00', 2, 1, ''),
('2012-09-08 17:00:00', 1, 1, ''),
('2012-09-08 17:15:00', 2, 1, ''),
('2012-09-08 18:00:00', 1, 1, ''),
('2012-09-08 18:15:00', 2, 1, ''),
('2012-09-08 19:00:00', 1, 1, ''),
('2012-09-08 19:15:00', 2, 1, ''),
('2012-09-08 20:00:00', 1, 1, ''),
('2012-09-08 20:15:00', 2, 1, ''),
('2012-09-08 21:00:00', 1, 1, ''),
('2012-09-08 21:15:00', 2, 1, ''),
('2012-09-08 22:00:00', 1, 1, ''),
('2012-09-08 22:15:00', 2, 1, ''),
('2012-09-08 23:00:00', 1, 1, ''),
('2012-09-08 23:15:00', 2, 1, ''),
('2012-09-09 00:00:00', 1, 1, ''),
('2012-09-09 00:15:00', 2, 1, ''),
('2012-09-09 01:00:00', 1, 1, ''),
('2012-09-09 01:15:00', 2, 1, ''),
('2012-09-09 08:00:00', 1, 1, ''),
('2012-09-09 08:15:00', 2, 1, ''),
('2012-09-09 09:00:00', 1, 1, ''),
('2012-09-09 09:15:00', 2, 1, ''),
('2012-09-09 10:00:00', 1, 1, ''),
('2012-09-09 10:15:00', 2, 1, ''),
('2012-09-09 11:00:00', 1, 1, ''),
('2012-09-09 11:15:00', 2, 1, ''),
('2012-09-09 12:00:00', 1, 1, ''),
('2012-09-09 12:15:00', 2, 1, ''),
('2012-09-09 13:00:00', 1, 1, ''),
('2012-09-09 13:15:00', 2, 1, ''),
('2012-09-09 14:00:00', 1, 2, ''),
('2012-09-09 14:15:00', 2, 2, ''),
('2012-09-09 15:00:00', 1, 1, ''),
('2012-09-09 15:15:00', 2, 1, ''),
('2012-09-09 16:00:00', 1, 1, ''),
('2012-09-09 16:15:00', 2, 1, ''),
('2012-09-09 17:00:00', 1, 1, ''),
('2012-09-09 17:15:00', 2, 1, ''),
('2012-09-09 18:00:00', 1, 1, ''),
('2012-09-09 18:15:00', 2, 1, ''),
('2012-09-09 19:00:00', 1, 1, ''),
('2012-09-09 19:15:00', 2, 1, '');
INSERT INTO `departures` (`departureDateTime`, `departureLocation`, `tenderType`, `notes`) VALUES
('2012-09-09 20:00:00', 1, 1, ''),
('2012-09-09 20:15:00', 2, 1, ''),
('2012-09-09 21:00:00', 1, 1, ''),
('2012-09-09 21:15:00', 2, 1, ''),
('2012-09-09 22:00:00', 1, 1, ''),
('2012-09-09 22:15:00', 2, 1, ''),
('2012-09-10 08:00:00', 1, 1, ''),
('2012-09-10 08:15:00', 2, 1, ''),
('2012-09-10 10:00:00', 1, 2, ''),
('2012-09-10 10:15:00', 2, 2, ''),
('2012-09-10 12:00:00', 1, 2, ''),
('2012-09-10 12:15:00', 2, 2, ''),
('2012-09-10 14:00:00', 1, 2, ''),
('2012-09-10 14:15:00', 2, 2, ''),
('2012-09-10 16:00:00', 1, 1, ''),
('2012-09-10 16:15:00', 2, 1, ''),
('2012-09-10 17:00:00', 1, 1, ''),
('2012-09-10 17:15:00', 2, 1, ''),
('2012-09-10 18:00:00', 1, 1, ''),
('2012-09-10 18:15:00', 2, 1, ''),
('2012-09-10 19:00:00', 1, 2, ''),
('2012-09-10 19:15:00', 2, 2, ''),
('2012-09-10 20:00:00', 1, 2, ''),
('2012-09-10 20:15:00', 2, 2, ''),
('2012-09-10 21:00:00', 1, 2, ''),
('2012-09-10 21:15:00', 2, 2, ''),
('2012-09-11 08:00:00', 1, 1, ''),
('2012-09-11 08:15:00', 2, 1, ''),
('2012-09-11 10:00:00', 1, 2, ''),
('2012-09-11 10:15:00', 2, 2, ''),
('2012-09-11 12:00:00', 1, 2, ''),
('2012-09-11 12:15:00', 2, 2, ''),
('2012-09-11 14:00:00', 1, 2, ''),
('2012-09-11 14:15:00', 2, 2, ''),
('2012-09-11 16:00:00', 1, 1, ''),
('2012-09-11 16:15:00', 2, 1, ''),
('2012-09-11 17:00:00', 1, 1, ''),
('2012-09-11 17:15:00', 2, 1, ''),
('2012-09-11 18:00:00', 1, 1, ''),
('2012-09-11 18:15:00', 2, 1, ''),
('2012-09-11 19:00:00', 1, 2, ''),
('2012-09-11 19:15:00', 2, 2, ''),
('2012-09-11 20:00:00', 1, 2, ''),
('2012-09-11 20:15:00', 2, 2, ''),
('2012-09-11 21:00:00', 1, 2, ''),
('2012-09-11 21:15:00', 2, 2, ''),
('2012-09-12 08:00:00', 1, 1, ''),
('2012-09-12 08:15:00', 2, 1, ''),
('2012-09-12 10:00:00', 1, 2, ''),
('2012-09-12 10:15:00', 2, 2, ''),
('2012-09-12 12:00:00', 1, 2, ''),
('2012-09-12 12:15:00', 2, 2, ''),
('2012-09-12 14:00:00', 1, 2, ''),
('2012-09-12 14:15:00', 2, 2, ''),
('2012-09-12 15:00:00', 1, 1, ''),
('2012-09-12 15:15:00', 2, 1, ''),
('2012-09-12 16:00:00', 1, 1, ''),
('2012-09-12 16:15:00', 2, 1, ''),
('2012-09-12 16:30:00', 1, 1, ''),
('2012-09-12 16:45:00', 2, 1, ''),
('2012-09-12 17:00:00', 1, 1, ''),
('2012-09-12 17:15:00', 2, 1, ''),
('2012-09-12 17:30:00', 1, 1, ''),
('2012-09-12 17:45:00', 2, 1, ''),
('2012-09-12 18:00:00', 1, 1, ''),
('2012-09-12 18:15:00', 2, 1, ''),
('2012-09-12 19:00:00', 1, 1, ''),
('2012-09-12 19:15:00', 2, 1, ''),
('2012-09-12 20:00:00', 1, 1, ''),
('2012-09-12 20:15:00', 2, 1, ''),
('2012-09-12 21:00:00', 1, 1, ''),
('2012-09-12 21:15:00', 2, 1, ''),
('2012-09-12 21:30:00', 1, 1, ''),
('2012-09-12 21:45:00', 2, 1, ''),
('2012-09-12 22:00:00', 1, 1, ''),
('2012-09-12 22:15:00', 2, 1, ''),
('2012-09-12 22:30:00', 1, 1, ''),
('2012-09-12 22:45:00', 2, 1, ''),
('2012-09-12 23:00:00', 1, 1, ''),
('2012-09-12 23:15:00', 2, 1, ''),
('2012-09-13 08:00:00', 1, 1, ''),
('2012-09-13 08:15:00', 2, 1, ''),
('2012-09-13 10:00:00', 1, 2, ''),
('2012-09-13 10:15:00', 2, 2, ''),
('2012-09-13 12:00:00', 1, 2, ''),
('2012-09-13 12:15:00', 2, 2, ''),
('2012-09-13 14:00:00', 1, 2, ''),
('2012-09-13 14:15:00', 2, 2, ''),
('2012-09-13 16:00:00', 1, 1, ''),
('2012-09-13 16:15:00', 2, 1, ''),
('2012-09-13 17:00:00', 1, 1, ''),
('2012-09-13 17:15:00', 2, 1, ''),
('2012-09-13 18:00:00', 1, 1, ''),
('2012-09-13 18:15:00', 2, 1, ''),
('2012-09-13 19:00:00', 1, 2, ''),
('2012-09-13 19:15:00', 2, 2, ''),
('2012-09-13 20:00:00', 1, 2, ''),
('2012-09-13 20:15:00', 2, 2, ''),
('2012-09-13 21:00:00', 1, 2, ''),
('2012-09-13 21:15:00', 2, 2, ''),
('2012-09-14 08:00:00', 1, 1, ''),
('2012-09-14 08:15:00', 2, 1, ''),
('2012-09-14 10:00:00', 1, 2, ''),
('2012-09-14 10:15:00', 2, 2, ''),
('2012-09-14 12:00:00', 1, 2, ''),
('2012-09-14 12:15:00', 2, 2, ''),
('2012-09-14 14:00:00', 1, 2, ''),
('2012-09-14 14:15:00', 2, 2, ''),
('2012-09-14 16:00:00', 1, 1, ''),
('2012-09-14 16:15:00', 2, 1, ''),
('2012-09-14 17:00:00', 1, 1, ''),
('2012-09-14 17:15:00', 2, 1, ''),
('2012-09-14 17:30:00', 1, 1, ''),
('2012-09-14 17:45:00', 2, 1, ''),
('2012-09-14 18:00:00', 1, 1, ''),
('2012-09-14 18:15:00', 2, 1, ''),
('2012-09-14 19:00:00', 1, 1, ''),
('2012-09-14 19:15:00', 2, 1, ''),
('2012-09-14 20:00:00', 1, 1, ''),
('2012-09-14 20:15:00', 2, 1, ''),
('2012-09-14 21:00:00', 1, 1, ''),
('2012-09-14 21:15:00', 2, 1, ''),
('2012-09-14 22:00:00', 1, 1, ''),
('2012-09-14 22:15:00', 2, 1, ''),
('2012-09-14 23:00:00', 1, 1, ''),
('2012-09-14 23:15:00', 2, 1, ''),
('2012-09-15 00:00:00', 1, 1, ''),
('2012-09-15 00:15:00', 2, 1, ''),
('2012-09-15 08:00:00', 1, 1, ''),
('2012-09-15 08:15:00', 2, 1, ''),
('2012-09-15 09:00:00', 1, 1, ''),
('2012-09-15 09:15:00', 2, 1, ''),
('2012-09-15 10:00:00', 1, 1, ''),
('2012-09-15 10:15:00', 2, 1, ''),
('2012-09-15 11:00:00', 1, 1, ''),
('2012-09-15 11:15:00', 2, 1, ''),
('2012-09-15 12:00:00', 1, 1, ''),
('2012-09-15 12:15:00', 2, 1, ''),
('2012-09-15 13:00:00', 1, 1, ''),
('2012-09-15 13:15:00', 2, 1, ''),
('2012-09-15 14:00:00', 1, 2, ''),
('2012-09-15 14:15:00', 2, 2, ''),
('2012-09-15 15:00:00', 1, 1, ''),
('2012-09-15 15:15:00', 2, 1, ''),
('2012-09-15 16:00:00', 1, 1, ''),
('2012-09-15 16:15:00', 2, 1, ''),
('2012-09-15 17:00:00', 1, 1, ''),
('2012-09-15 17:15:00', 2, 1, ''),
('2012-09-15 18:00:00', 1, 1, ''),
('2012-09-15 18:15:00', 2, 1, ''),
('2012-09-15 19:00:00', 1, 1, ''),
('2012-09-15 19:15:00', 2, 1, ''),
('2012-09-15 20:00:00', 1, 1, ''),
('2012-09-15 20:15:00', 2, 1, ''),
('2012-09-15 21:00:00', 1, 1, ''),
('2012-09-15 21:15:00', 2, 1, ''),
('2012-09-15 22:00:00', 1, 1, ''),
('2012-09-15 22:15:00', 2, 1, ''),
('2012-09-15 23:00:00', 1, 1, ''),
('2012-09-15 23:15:00', 2, 1, ''),
('2012-09-16 00:00:00', 1, 1, ''),
('2012-09-16 00:15:00', 2, 1, ''),
('2012-09-16 08:00:00', 1, 1, ''),
('2012-09-16 08:15:00', 2, 1, ''),
('2012-09-16 09:00:00', 1, 1, ''),
('2012-09-16 09:15:00', 2, 1, ''),
('2012-09-16 10:00:00', 1, 1, ''),
('2012-09-16 10:15:00', 2, 1, ''),
('2012-09-16 11:00:00', 1, 1, ''),
('2012-09-16 11:15:00', 2, 1, ''),
('2012-09-16 12:00:00', 1, 1, ''),
('2012-09-16 12:15:00', 2, 1, ''),
('2012-09-16 13:00:00', 1, 1, ''),
('2012-09-16 13:15:00', 2, 1, ''),
('2012-09-16 14:00:00', 1, 2, ''),
('2012-09-16 14:15:00', 2, 2, ''),
('2012-09-16 15:00:00', 1, 1, ''),
('2012-09-16 15:15:00', 2, 1, ''),
('2012-09-16 16:00:00', 1, 1, ''),
('2012-09-16 16:15:00', 2, 1, ''),
('2012-09-16 17:00:00', 1, 1, ''),
('2012-09-16 17:15:00', 2, 1, ''),
('2012-09-16 18:00:00', 1, 1, ''),
('2012-09-16 18:15:00', 2, 1, ''),
('2012-09-16 19:00:00', 1, 1, ''),
('2012-09-16 19:15:00', 2, 1, ''),
('2012-09-16 20:00:00', 1, 1, ''),
('2012-09-16 20:15:00', 2, 1, ''),
('2012-09-16 21:00:00', 1, 1, ''),
('2012-09-16 21:15:00', 2, 1, ''),
('2012-09-16 22:00:00', 1, 1, ''),
('2012-09-16 22:15:00', 2, 1, ''),
('2012-09-17 08:00:00', 1, 1, ''),
('2012-09-17 08:15:00', 2, 1, ''),
('2012-09-17 10:00:00', 1, 2, ''),
('2012-09-17 10:15:00', 2, 2, ''),
('2012-09-17 12:00:00', 1, 2, ''),
('2012-09-17 12:15:00', 2, 2, ''),
('2012-09-17 14:00:00', 1, 2, ''),
('2012-09-17 14:15:00', 2, 2, ''),
('2012-09-17 16:00:00', 1, 1, ''),
('2012-09-17 16:15:00', 2, 1, ''),
('2012-09-17 17:00:00', 1, 1, ''),
('2012-09-17 17:15:00', 2, 1, ''),
('2012-09-17 18:00:00', 1, 1, ''),
('2012-09-17 18:15:00', 2, 1, ''),
('2012-09-17 19:00:00', 1, 2, ''),
('2012-09-17 19:15:00', 2, 2, ''),
('2012-09-17 20:00:00', 1, 2, ''),
('2012-09-17 20:15:00', 2, 2, ''),
('2012-09-17 21:00:00', 1, 2, ''),
('2012-09-17 21:15:00', 2, 2, ''),
('2012-09-18 08:00:00', 1, 1, ''),
('2012-09-18 08:15:00', 2, 1, ''),
('2012-09-18 10:00:00', 1, 2, ''),
('2012-09-18 10:15:00', 2, 2, ''),
('2012-09-18 12:00:00', 1, 2, ''),
('2012-09-18 12:15:00', 2, 2, ''),
('2012-09-18 14:00:00', 1, 2, ''),
('2012-09-18 14:15:00', 2, 2, ''),
('2012-09-18 16:00:00', 1, 1, ''),
('2012-09-18 16:15:00', 2, 1, ''),
('2012-09-18 17:00:00', 1, 1, ''),
('2012-09-18 17:15:00', 2, 1, ''),
('2012-09-18 18:00:00', 1, 1, ''),
('2012-09-18 18:15:00', 2, 1, ''),
('2012-09-18 19:00:00', 1, 2, ''),
('2012-09-18 19:15:00', 2, 2, ''),
('2012-09-18 20:00:00', 1, 2, ''),
('2012-09-18 20:15:00', 2, 2, ''),
('2012-09-18 21:00:00', 1, 2, ''),
('2012-09-18 21:15:00', 2, 2, ''),
('2012-09-19 08:00:00', 1, 1, ''),
('2012-09-19 08:15:00', 2, 1, ''),
('2012-09-19 10:00:00', 1, 2, ''),
('2012-09-19 10:15:00', 2, 2, ''),
('2012-09-19 12:00:00', 1, 2, ''),
('2012-09-19 12:15:00', 2, 2, ''),
('2012-09-19 14:00:00', 1, 2, ''),
('2012-09-19 14:15:00', 2, 2, ''),
('2012-09-19 15:00:00', 1, 1, ''),
('2012-09-19 15:15:00', 2, 1, ''),
('2012-09-19 16:00:00', 1, 1, ''),
('2012-09-19 16:15:00', 2, 1, ''),
('2012-09-19 16:30:00', 1, 1, ''),
('2012-09-19 16:45:00', 2, 1, ''),
('2012-09-19 17:00:00', 1, 1, ''),
('2012-09-19 17:15:00', 2, 1, ''),
('2012-09-19 17:30:00', 1, 1, ''),
('2012-09-19 17:45:00', 2, 1, ''),
('2012-09-19 18:00:00', 1, 1, ''),
('2012-09-19 18:15:00', 2, 1, ''),
('2012-09-19 19:00:00', 1, 1, ''),
('2012-09-19 19:15:00', 2, 1, ''),
('2012-09-19 20:00:00', 1, 1, ''),
('2012-09-19 20:15:00', 2, 1, ''),
('2012-09-19 21:00:00', 1, 1, ''),
('2012-09-19 21:15:00', 2, 1, ''),
('2012-09-19 21:30:00', 1, 1, ''),
('2012-09-19 21:45:00', 2, 1, ''),
('2012-09-19 22:00:00', 1, 1, ''),
('2012-09-19 22:15:00', 2, 1, ''),
('2012-09-19 22:30:00', 1, 1, ''),
('2012-09-19 22:45:00', 2, 1, ''),
('2012-09-19 23:00:00', 1, 1, ''),
('2012-09-19 23:15:00', 2, 1, ''),
('2012-09-20 08:00:00', 1, 1, ''),
('2012-09-20 08:15:00', 2, 1, ''),
('2012-09-20 10:00:00', 1, 2, ''),
('2012-09-20 10:15:00', 2, 2, ''),
('2012-09-20 12:00:00', 1, 2, ''),
('2012-09-20 12:15:00', 2, 2, ''),
('2012-09-20 14:00:00', 1, 2, ''),
('2012-09-20 14:15:00', 2, 2, ''),
('2012-09-20 16:00:00', 1, 1, ''),
('2012-09-20 16:15:00', 2, 1, ''),
('2012-09-20 17:00:00', 1, 1, ''),
('2012-09-20 17:15:00', 2, 1, ''),
('2012-09-20 18:00:00', 1, 1, ''),
('2012-09-20 18:15:00', 2, 1, ''),
('2012-09-20 19:00:00', 1, 2, ''),
('2012-09-20 19:15:00', 2, 2, ''),
('2012-09-20 20:00:00', 1, 2, ''),
('2012-09-20 20:15:00', 2, 2, ''),
('2012-09-20 21:00:00', 1, 2, ''),
('2012-09-20 21:15:00', 2, 2, ''),
('2012-09-21 08:00:00', 1, 1, ''),
('2012-09-21 08:15:00', 2, 1, ''),
('2012-09-21 10:00:00', 1, 2, ''),
('2012-09-21 10:15:00', 2, 2, ''),
('2012-09-21 12:00:00', 1, 2, ''),
('2012-09-21 12:15:00', 2, 2, ''),
('2012-09-21 14:00:00', 1, 2, ''),
('2012-09-21 14:15:00', 2, 2, ''),
('2012-09-21 16:00:00', 1, 1, ''),
('2012-09-21 16:15:00', 2, 1, ''),
('2012-09-21 17:00:00', 1, 1, ''),
('2012-09-21 17:15:00', 2, 1, ''),
('2012-09-21 17:30:00', 1, 1, ''),
('2012-09-21 17:45:00', 2, 1, ''),
('2012-09-21 18:00:00', 1, 1, ''),
('2012-09-21 18:15:00', 2, 1, ''),
('2012-09-21 19:00:00', 1, 1, ''),
('2012-09-21 19:15:00', 2, 1, ''),
('2012-09-21 20:00:00', 1, 1, ''),
('2012-09-21 20:15:00', 2, 1, ''),
('2012-09-21 21:00:00', 1, 1, ''),
('2012-09-21 21:15:00', 2, 1, ''),
('2012-09-21 22:00:00', 1, 1, ''),
('2012-09-21 22:15:00', 2, 1, ''),
('2012-09-21 23:00:00', 1, 1, ''),
('2012-09-21 23:15:00', 2, 1, ''),
('2012-09-22 00:00:00', 1, 1, ''),
('2012-09-22 00:15:00', 2, 1, ''),
('2012-09-22 08:00:00', 1, 1, ''),
('2012-09-22 08:15:00', 2, 1, ''),
('2012-09-22 09:00:00', 1, 1, ''),
('2012-09-22 09:15:00', 2, 1, ''),
('2012-09-22 10:00:00', 1, 1, ''),
('2012-09-22 10:15:00', 2, 1, ''),
('2012-09-22 11:00:00', 1, 1, ''),
('2012-09-22 11:15:00', 2, 1, ''),
('2012-09-22 12:00:00', 1, 1, ''),
('2012-09-22 12:15:00', 2, 1, ''),
('2012-09-22 13:00:00', 1, 1, ''),
('2012-09-22 13:15:00', 2, 1, ''),
('2012-09-22 14:00:00', 1, 2, ''),
('2012-09-22 14:15:00', 2, 2, ''),
('2012-09-22 15:00:00', 1, 1, ''),
('2012-09-22 15:15:00', 2, 1, ''),
('2012-09-22 16:00:00', 1, 1, ''),
('2012-09-22 16:15:00', 2, 1, ''),
('2012-09-22 17:00:00', 1, 1, ''),
('2012-09-22 17:15:00', 2, 1, ''),
('2012-09-22 18:00:00', 1, 1, ''),
('2012-09-22 18:15:00', 2, 1, ''),
('2012-09-22 19:00:00', 1, 1, ''),
('2012-09-22 19:15:00', 2, 1, ''),
('2012-09-22 20:00:00', 1, 1, ''),
('2012-09-22 20:15:00', 2, 1, ''),
('2012-09-22 21:00:00', 1, 1, ''),
('2012-09-22 21:15:00', 2, 1, ''),
('2012-09-22 22:00:00', 1, 1, ''),
('2012-09-22 22:15:00', 2, 1, ''),
('2012-09-22 23:00:00', 1, 1, ''),
('2012-09-22 23:15:00', 2, 1, ''),
('2012-09-23 00:00:00', 1, 1, ''),
('2012-09-23 00:15:00', 2, 1, ''),
('2012-09-23 08:00:00', 1, 1, ''),
('2012-09-23 08:15:00', 2, 1, ''),
('2012-09-23 09:00:00', 1, 1, ''),
('2012-09-23 09:15:00', 2, 1, ''),
('2012-09-23 10:00:00', 1, 1, ''),
('2012-09-23 10:15:00', 2, 1, ''),
('2012-09-23 11:00:00', 1, 1, ''),
('2012-09-23 11:15:00', 2, 1, ''),
('2012-09-23 12:00:00', 1, 1, ''),
('2012-09-23 12:15:00', 2, 1, ''),
('2012-09-23 13:00:00', 1, 1, ''),
('2012-09-23 13:15:00', 2, 1, ''),
('2012-09-23 14:00:00', 1, 2, ''),
('2012-09-23 14:15:00', 2, 2, ''),
('2012-09-23 15:00:00', 1, 1, ''),
('2012-09-23 15:15:00', 2, 1, ''),
('2012-09-23 16:00:00', 1, 1, ''),
('2012-09-23 16:15:00', 2, 1, ''),
('2012-09-23 17:00:00', 1, 1, ''),
('2012-09-23 17:15:00', 2, 1, ''),
('2012-09-23 18:00:00', 1, 1, ''),
('2012-09-23 18:15:00', 2, 1, ''),
('2012-09-23 19:00:00', 1, 1, ''),
('2012-09-23 19:15:00', 2, 1, ''),
('2012-09-23 20:00:00', 1, 1, ''),
('2012-09-23 20:15:00', 2, 1, ''),
('2012-09-23 21:00:00', 1, 1, ''),
('2012-09-23 21:15:00', 2, 1, ''),
('2012-09-23 22:00:00', 1, 1, ''),
('2012-09-23 22:15:00', 2, 1, ''),
('2012-09-24 08:00:00', 1, 1, ''),
('2012-09-24 08:15:00', 2, 1, ''),
('2012-09-24 10:00:00', 1, 2, ''),
('2012-09-24 10:15:00', 2, 2, ''),
('2012-09-24 12:00:00', 1, 2, ''),
('2012-09-24 12:15:00', 2, 2, ''),
('2012-09-24 14:00:00', 1, 2, ''),
('2012-09-24 14:15:00', 2, 2, ''),
('2012-09-24 16:00:00', 1, 1, ''),
('2012-09-24 16:15:00', 2, 1, ''),
('2012-09-24 17:00:00', 1, 1, ''),
('2012-09-24 17:15:00', 2, 1, ''),
('2012-09-24 18:00:00', 1, 1, ''),
('2012-09-24 18:15:00', 2, 1, ''),
('2012-09-24 19:00:00', 1, 2, ''),
('2012-09-24 19:15:00', 2, 2, ''),
('2012-09-24 20:00:00', 1, 2, ''),
('2012-09-24 20:15:00', 2, 2, ''),
('2012-09-24 21:00:00', 1, 2, ''),
('2012-09-24 21:15:00', 2, 2, ''),
('2012-09-25 08:00:00', 1, 1, ''),
('2012-09-25 08:15:00', 2, 1, ''),
('2012-09-25 10:00:00', 1, 2, ''),
('2012-09-25 10:15:00', 2, 2, ''),
('2012-09-25 12:00:00', 1, 2, ''),
('2012-09-25 12:15:00', 2, 2, ''),
('2012-09-25 14:00:00', 1, 2, ''),
('2012-09-25 14:15:00', 2, 2, ''),
('2012-09-25 16:00:00', 1, 1, ''),
('2012-09-25 16:15:00', 2, 1, ''),
('2012-09-25 17:00:00', 1, 1, ''),
('2012-09-25 17:15:00', 2, 1, ''),
('2012-09-25 18:00:00', 1, 1, ''),
('2012-09-25 18:15:00', 2, 1, ''),
('2012-09-25 19:00:00', 1, 2, ''),
('2012-09-25 19:15:00', 2, 2, ''),
('2012-09-25 20:00:00', 1, 2, ''),
('2012-09-25 20:15:00', 2, 2, ''),
('2012-09-25 21:00:00', 1, 2, ''),
('2012-09-25 21:15:00', 2, 2, ''),
('2012-09-26 08:00:00', 1, 1, ''),
('2012-09-26 08:15:00', 2, 1, ''),
('2012-09-26 10:00:00', 1, 2, ''),
('2012-09-26 10:15:00', 2, 2, ''),
('2012-09-26 12:00:00', 1, 2, ''),
('2012-09-26 12:15:00', 2, 2, ''),
('2012-09-26 14:00:00', 1, 2, ''),
('2012-09-26 14:15:00', 2, 2, ''),
('2012-09-26 16:00:00', 1, 1, ''),
('2012-09-26 16:15:00', 2, 1, ''),
('2012-09-26 17:00:00', 1, 1, ''),
('2012-09-26 17:15:00', 2, 1, ''),
('2012-09-26 18:00:00', 1, 1, ''),
('2012-09-26 18:15:00', 2, 1, ''),
('2012-09-26 19:00:00', 1, 1, ''),
('2012-09-26 19:15:00', 2, 1, ''),
('2012-09-26 20:00:00', 1, 1, ''),
('2012-09-26 20:15:00', 2, 1, ''),
('2012-09-26 21:00:00', 1, 1, ''),
('2012-09-26 21:15:00', 2, 1, ''),
('2012-09-27 08:00:00', 1, 1, ''),
('2012-09-27 08:15:00', 2, 1, ''),
('2012-09-27 10:00:00', 1, 2, ''),
('2012-09-27 10:15:00', 2, 2, ''),
('2012-09-27 12:00:00', 1, 2, ''),
('2012-09-27 12:15:00', 2, 2, ''),
('2012-09-27 14:00:00', 1, 2, ''),
('2012-09-27 14:15:00', 2, 2, ''),
('2012-09-27 16:00:00', 1, 1, ''),
('2012-09-27 16:15:00', 2, 1, ''),
('2012-09-27 17:00:00', 1, 1, ''),
('2012-09-27 17:15:00', 2, 1, ''),
('2012-09-27 18:00:00', 1, 1, ''),
('2012-09-27 18:15:00', 2, 1, ''),
('2012-09-27 19:00:00', 1, 2, ''),
('2012-09-27 19:15:00', 2, 2, ''),
('2012-09-27 20:00:00', 1, 2, ''),
('2012-09-27 20:15:00', 2, 2, ''),
('2012-09-27 21:00:00', 1, 2, ''),
('2012-09-27 21:15:00', 2, 2, ''),
('2012-09-28 08:00:00', 1, 1, ''),
('2012-09-28 08:15:00', 2, 1, ''),
('2012-09-28 10:00:00', 1, 2, ''),
('2012-09-28 10:15:00', 2, 2, ''),
('2012-09-28 12:00:00', 1, 2, ''),
('2012-09-28 12:15:00', 2, 2, ''),
('2012-09-28 14:00:00', 1, 2, ''),
('2012-09-28 14:15:00', 2, 2, ''),
('2012-09-28 16:00:00', 1, 1, ''),
('2012-09-28 16:15:00', 2, 1, ''),
('2012-09-28 17:00:00', 1, 1, ''),
('2012-09-28 17:15:00', 2, 1, ''),
('2012-09-28 17:30:00', 1, 1, ''),
('2012-09-28 17:45:00', 2, 1, ''),
('2012-09-28 18:00:00', 1, 1, ''),
('2012-09-28 18:15:00', 2, 1, ''),
('2012-09-28 19:00:00', 1, 1, ''),
('2012-09-28 19:15:00', 2, 1, ''),
('2012-09-28 20:00:00', 1, 1, ''),
('2012-09-28 20:15:00', 2, 1, ''),
('2012-09-28 21:00:00', 1, 1, ''),
('2012-09-28 21:15:00', 2, 1, ''),
('2012-09-28 22:00:00', 1, 1, ''),
('2012-09-28 22:15:00', 2, 1, ''),
('2012-09-28 23:00:00', 1, 1, ''),
('2012-09-28 23:15:00', 2, 1, ''),
('2012-09-29 00:00:00', 1, 1, ''),
('2012-09-29 00:15:00', 2, 1, ''),
('2012-09-29 08:00:00', 1, 1, ''),
('2012-09-29 08:15:00', 2, 1, ''),
('2012-09-29 09:00:00', 1, 1, ''),
('2012-09-29 09:15:00', 2, 1, ''),
('2012-09-29 10:00:00', 1, 1, ''),
('2012-09-29 10:15:00', 2, 1, ''),
('2012-09-29 11:00:00', 1, 1, ''),
('2012-09-29 11:15:00', 2, 1, ''),
('2012-09-29 12:00:00', 1, 1, ''),
('2012-09-29 12:15:00', 2, 1, ''),
('2012-09-29 13:00:00', 1, 1, ''),
('2012-09-29 13:15:00', 2, 1, ''),
('2012-09-29 14:00:00', 1, 2, ''),
('2012-09-29 14:15:00', 2, 2, ''),
('2012-09-29 15:00:00', 1, 1, ''),
('2012-09-29 15:15:00', 2, 1, ''),
('2012-09-29 16:00:00', 1, 1, ''),
('2012-09-29 16:15:00', 2, 1, ''),
('2012-09-29 17:00:00', 1, 1, ''),
('2012-09-29 17:15:00', 2, 1, ''),
('2012-09-29 18:00:00', 1, 1, ''),
('2012-09-29 18:15:00', 2, 1, ''),
('2012-09-29 19:00:00', 1, 1, ''),
('2012-09-29 19:15:00', 2, 1, ''),
('2012-09-29 20:00:00', 1, 1, ''),
('2012-09-29 20:15:00', 2, 1, ''),
('2012-09-29 21:00:00', 1, 1, ''),
('2012-09-29 21:15:00', 2, 1, ''),
('2012-09-29 22:00:00', 1, 1, ''),
('2012-09-29 22:15:00', 2, 1, ''),
('2012-09-29 23:00:00', 1, 1, ''),
('2012-09-29 23:15:00', 2, 1, ''),
('2012-09-30 00:00:00', 1, 1, ''),
('2012-09-30 00:15:00', 2, 1, ''),
('2012-09-30 08:00:00', 1, 1, ''),
('2012-09-30 08:15:00', 2, 1, ''),
('2012-09-30 09:00:00', 1, 1, ''),
('2012-09-30 09:15:00', 2, 1, ''),
('2012-09-30 10:00:00', 1, 1, ''),
('2012-09-30 10:15:00', 2, 1, ''),
('2012-09-30 11:00:00', 1, 1, ''),
('2012-09-30 11:15:00', 2, 1, ''),
('2012-09-30 12:00:00', 1, 1, ''),
('2012-09-30 12:15:00', 2, 1, ''),
('2012-09-30 13:00:00', 1, 1, ''),
('2012-09-30 13:15:00', 2, 1, ''),
('2012-09-30 14:00:00', 1, 2, ''),
('2012-09-30 14:15:00', 2, 2, ''),
('2012-09-30 15:00:00', 1, 1, ''),
('2012-09-30 15:15:00', 2, 1, ''),
('2012-09-30 16:00:00', 1, 1, ''),
('2012-09-30 16:15:00', 2, 1, ''),
('2012-09-30 17:00:00', 1, 1, ''),
('2012-09-30 17:15:00', 2, 1, ''),
('2012-09-30 18:00:00', 1, 1, ''),
('2012-09-30 18:15:00', 2, 1, ''),
('2012-09-30 19:00:00', 1, 1, ''),
('2012-09-30 19:15:00', 2, 1, ''),
('2012-09-30 20:00:00', 1, 1, ''),
('2012-09-30 20:15:00', 2, 1, ''),
('2012-09-30 21:00:00', 1, 1, ''),
('2012-09-30 21:15:00', 2, 1, ''),
('2012-09-30 22:00:00', 1, 1, ''),
('2012-09-30 22:15:00', 2, 1, ''),
('2012-10-01 08:00:00', 1, 1, ''),
('2012-10-01 08:15:00', 2, 1, ''),
('2012-10-01 10:00:00', 1, 2, ''),
('2012-10-01 10:15:00', 2, 2, ''),
('2012-10-01 12:00:00', 1, 2, ''),
('2012-10-01 12:15:00', 2, 2, ''),
('2012-10-01 14:00:00', 1, 2, ''),
('2012-10-01 14:15:00', 2, 2, ''),
('2012-10-01 16:00:00', 1, 2, ''),
('2012-10-01 16:15:00', 2, 2, ''),
('2012-10-01 17:00:00', 1, 2, ''),
('2012-10-01 17:15:00', 2, 2, ''),
('2012-10-01 18:00:00', 1, 2, ''),
('2012-10-01 18:15:00', 2, 2, ''),
('2012-10-01 19:00:00', 1, 2, ''),
('2012-10-01 19:15:00', 2, 2, ''),
('2012-10-02 08:00:00', 1, 1, ''),
('2012-10-02 08:15:00', 2, 1, ''),
('2012-10-02 10:00:00', 1, 2, ''),
('2012-10-02 10:15:00', 2, 2, ''),
('2012-10-02 12:00:00', 1, 2, ''),
('2012-10-02 12:15:00', 2, 2, ''),
('2012-10-02 14:00:00', 1, 2, ''),
('2012-10-02 14:15:00', 2, 2, ''),
('2012-10-02 16:00:00', 1, 2, ''),
('2012-10-02 16:15:00', 2, 2, ''),
('2012-10-02 17:00:00', 1, 2, ''),
('2012-10-02 17:15:00', 2, 2, ''),
('2012-10-02 18:00:00', 1, 2, ''),
('2012-10-02 18:15:00', 2, 2, ''),
('2012-10-02 19:00:00', 1, 2, ''),
('2012-10-02 19:15:00', 2, 2, ''),
('2012-10-03 08:00:00', 1, 1, ''),
('2012-10-03 08:15:00', 2, 1, ''),
('2012-10-03 10:00:00', 1, 2, ''),
('2012-10-03 10:15:00', 2, 2, ''),
('2012-10-03 12:00:00', 1, 2, ''),
('2012-10-03 12:15:00', 2, 2, ''),
('2012-10-03 14:00:00', 1, 2, ''),
('2012-10-03 14:15:00', 2, 2, ''),
('2012-10-03 16:00:00', 1, 2, ''),
('2012-10-03 16:15:00', 2, 2, ''),
('2012-10-03 17:00:00', 1, 2, ''),
('2012-10-03 17:15:00', 2, 2, ''),
('2012-10-03 18:00:00', 1, 2, ''),
('2012-10-03 18:15:00', 2, 2, ''),
('2012-10-03 19:00:00', 1, 2, ''),
('2012-10-03 19:15:00', 2, 2, ''),
('2012-10-04 08:00:00', 1, 1, ''),
('2012-10-04 08:15:00', 2, 1, ''),
('2012-10-04 10:00:00', 1, 2, ''),
('2012-10-04 10:15:00', 2, 2, ''),
('2012-10-04 12:00:00', 1, 2, ''),
('2012-10-04 12:15:00', 2, 2, ''),
('2012-10-04 14:00:00', 1, 2, ''),
('2012-10-04 14:15:00', 2, 2, ''),
('2012-10-04 16:00:00', 1, 2, ''),
('2012-10-04 16:15:00', 2, 2, ''),
('2012-10-04 17:00:00', 1, 2, ''),
('2012-10-04 17:15:00', 2, 2, ''),
('2012-10-04 18:00:00', 1, 2, ''),
('2012-10-04 18:15:00', 2, 2, ''),
('2012-10-04 19:00:00', 1, 2, ''),
('2012-10-04 19:15:00', 2, 2, ''),
('2012-10-05 08:00:00', 1, 1, ''),
('2012-10-05 08:15:00', 2, 1, ''),
('2012-10-06 12:15:00', 2, 1, ''),
('2012-10-06 12:00:00', 1, 1, ''),
('2012-10-05 10:00:00', 1, 2, ''),
('2012-10-05 10:15:00', 2, 2, ''),
('2012-10-06 11:15:00', 2, 1, ''),
('2012-10-06 11:00:00', 1, 1, ''),
('2012-10-05 12:00:00', 1, 2, ''),
('2012-10-05 12:15:00', 2, 2, ''),
('2012-10-06 10:15:00', 2, 2, ''),
('2012-10-06 10:00:00', 1, 2, ''),
('2012-10-05 14:00:00', 1, 2, ''),
('2012-10-05 14:15:00', 2, 2, ''),
('2012-10-06 09:15:00', 2, 1, ''),
('2012-10-06 09:00:00', 1, 1, ''),
('2012-10-05 16:00:00', 1, 2, ''),
('2012-10-05 16:15:00', 2, 2, ''),
('2012-10-05 17:00:00', 1, 1, ''),
('2012-10-05 17:15:00', 2, 1, ''),
('2012-10-05 18:00:00', 1, 1, ''),
('2012-10-05 18:15:00', 2, 1, ''),
('2012-10-05 19:00:00', 1, 1, ''),
('2012-10-05 19:15:00', 2, 1, ''),
('2012-10-05 20:00:00', 1, 1, ''),
('2012-10-05 20:15:00', 2, 1, ''),
('2012-10-05 21:00:00', 1, 1, ''),
('2012-10-05 21:15:00', 2, 1, ''),
('2012-10-06 08:15:00', 2, 1, ''),
('2012-10-06 08:00:00', 1, 1, ''),
('2012-10-06 13:00:00', 1, 1, ''),
('2012-10-06 13:15:00', 2, 1, ''),
('2012-10-06 14:00:00', 1, 2, ''),
('2012-10-06 14:15:00', 2, 2, ''),
('2012-10-06 15:00:00', 1, 2, ''),
('2012-10-06 15:15:00', 2, 2, ''),
('2012-10-06 16:00:00', 1, 1, ''),
('2012-10-06 16:15:00', 2, 1, ''),
('2012-10-06 17:00:00', 1, 1, ''),
('2012-10-06 17:15:00', 2, 1, ''),
('2012-10-06 18:00:00', 1, 1, ''),
('2012-10-06 18:15:00', 2, 1, ''),
('2012-10-06 19:00:00', 1, 1, ''),
('2012-10-06 19:15:00', 2, 1, ''),
('2012-10-06 20:00:00', 1, 1, ''),
('2012-10-06 20:15:00', 2, 1, ''),
('2012-10-06 21:00:00', 1, 1, ''),
('2012-10-06 21:15:00', 2, 1, ''),
('2012-10-06 22:00:00', 1, 1, ''),
('2012-10-06 22:15:00', 2, 1, ''),
('2012-10-07 08:00:00', 1, 1, ''),
('2012-10-07 08:15:00', 2, 1, ''),
('2012-10-07 09:00:00', 1, 1, ''),
('2012-10-07 09:15:00', 2, 1, ''),
('2012-10-07 10:00:00', 1, 2, ''),
('2012-10-07 10:15:00', 2, 2, ''),
('2012-10-07 11:00:00', 1, 1, ''),
('2012-10-07 11:15:00', 2, 1, ''),
('2012-10-07 12:00:00', 1, 1, ''),
('2012-10-07 12:15:00', 2, 1, ''),
('2012-10-07 13:00:00', 1, 1, ''),
('2012-10-07 13:15:00', 2, 1, ''),
('2012-10-07 14:00:00', 1, 2, ''),
('2012-10-07 14:15:00', 2, 2, ''),
('2012-10-07 15:00:00', 1, 2, ''),
('2012-10-07 15:15:00', 2, 2, ''),
('2012-10-07 16:00:00', 1, 1, ''),
('2012-10-07 16:15:00', 2, 1, ''),
('2012-10-07 17:00:00', 1, 1, ''),
('2012-10-07 17:15:00', 2, 1, ''),
('2012-10-07 18:00:00', 1, 1, ''),
('2012-10-07 18:15:00', 2, 1, ''),
('2012-10-07 19:00:00', 1, 1, ''),
('2012-10-07 19:15:00', 2, 1, ''),
('2012-10-07 20:00:00', 1, 1, ''),
('2012-10-07 20:15:00', 2, 1, ''),
('2012-10-07 21:00:00', 1, 1, ''),
('2012-10-07 21:15:00', 2, 1, ''),
('2012-10-08 08:00:00', 1, 1, ''),
('2012-10-08 08:15:00', 2, 1, 'Holiday Schedule'),
('2012-10-08 10:00:00', 1, 2, ''),
('2012-10-08 10:15:00', 2, 2, ''),
('2012-10-08 12:00:00', 1, 1, ''),
('2012-10-08 12:15:00', 2, 1, ''),
('2012-10-08 14:00:00', 1, 2, ''),
('2012-10-08 14:15:00', 2, 2, ''),
('2012-10-08 16:00:00', 1, 1, ''),
('2012-10-08 16:15:00', 2, 1, ''),
('2012-10-08 17:00:00', 1, 1, ''),
('2012-10-08 17:15:00', 2, 1, ''),
('2012-10-08 18:00:00', 1, 1, ''),
('2012-10-08 18:15:00', 2, 1, ''),
('2012-10-08 19:00:00', 1, 1, ''),
('2012-10-08 19:15:00', 2, 1, ''),
('2012-10-09 08:00:00', 1, 1, ''),
('2012-10-09 08:15:00', 2, 1, ''),
('2012-10-09 10:00:00', 1, 2, ''),
('2012-10-09 10:15:00', 2, 2, ''),
('2012-10-09 12:00:00', 1, 2, ''),
('2012-10-09 12:15:00', 2, 2, ''),
('2012-10-09 14:00:00', 1, 2, ''),
('2012-10-09 14:15:00', 2, 2, ''),
('2012-10-09 16:00:00', 1, 2, ''),
('2012-10-09 16:15:00', 2, 2, ''),
('2012-10-09 17:00:00', 1, 2, ''),
('2012-10-09 17:15:00', 2, 2, ''),
('2012-10-09 18:00:00', 1, 2, ''),
('2012-10-09 18:15:00', 2, 2, ''),
('2012-10-09 19:00:00', 1, 2, ''),
('2012-10-09 19:15:00', 2, 2, ''),
('2012-10-10 08:00:00', 1, 1, ''),
('2012-10-10 08:15:00', 2, 1, ''),
('2012-10-10 10:00:00', 1, 2, ''),
('2012-10-10 10:15:00', 2, 2, ''),
('2012-10-10 12:00:00', 1, 2, ''),
('2012-10-10 12:15:00', 2, 2, ''),
('2012-10-10 14:00:00', 1, 2, ''),
('2012-10-10 14:15:00', 2, 2, ''),
('2012-10-10 16:00:00', 1, 2, ''),
('2012-10-10 16:15:00', 2, 2, ''),
('2012-10-10 17:00:00', 1, 2, ''),
('2012-10-10 17:15:00', 2, 2, ''),
('2012-10-10 18:00:00', 1, 2, ''),
('2012-10-10 18:15:00', 2, 2, ''),
('2012-10-10 19:00:00', 1, 2, ''),
('2012-10-10 19:15:00', 2, 2, ''),
('2012-10-11 08:00:00', 1, 1, ''),
('2012-10-11 08:15:00', 2, 1, ''),
('2012-10-11 10:00:00', 1, 2, ''),
('2012-10-11 10:15:00', 2, 2, ''),
('2012-10-11 12:00:00', 1, 2, ''),
('2012-10-11 12:15:00', 2, 2, ''),
('2012-10-11 14:00:00', 1, 2, ''),
('2012-10-11 14:15:00', 2, 2, ''),
('2012-10-11 16:00:00', 1, 2, ''),
('2012-10-11 16:15:00', 2, 2, ''),
('2012-10-11 17:00:00', 1, 2, ''),
('2012-10-11 17:15:00', 2, 2, ''),
('2012-10-11 18:00:00', 1, 2, ''),
('2012-10-11 18:15:00', 2, 2, ''),
('2012-10-11 19:00:00', 1, 2, ''),
('2012-10-11 19:15:00', 2, 2, ''),
('2012-10-12 08:00:00', 1, 1, ''),
('2012-10-12 08:15:00', 2, 1, ''),
('2012-10-12 10:00:00', 1, 2, ''),
('2012-10-12 10:15:00', 2, 2, ''),
('2012-10-12 12:00:00', 1, 2, ''),
('2012-10-12 12:15:00', 2, 2, ''),
('2012-10-12 14:00:00', 1, 2, ''),
('2012-10-12 14:15:00', 2, 2, ''),
('2012-10-12 16:00:00', 1, 2, ''),
('2012-10-12 16:15:00', 2, 2, ''),
('2012-10-12 17:00:00', 1, 1, ''),
('2012-10-12 17:15:00', 2, 1, ''),
('2012-10-12 18:00:00', 1, 1, ''),
('2012-10-12 18:15:00', 2, 1, ''),
('2012-10-12 19:00:00', 1, 1, ''),
('2012-10-12 19:15:00', 2, 1, ''),
('2012-10-12 20:00:00', 1, 1, ''),
('2012-10-12 20:15:00', 2, 1, ''),
('2012-10-12 21:00:00', 1, 1, ''),
('2012-10-12 21:15:00', 2, 1, ''),
('2012-10-13 08:00:00', 1, 1, ''),
('2012-10-13 08:15:00', 2, 1, ''),
('2012-10-13 09:00:00', 1, 1, ''),
('2012-10-13 09:15:00', 2, 1, ''),
('2012-10-13 10:00:00', 1, 2, ''),
('2012-10-13 10:15:00', 2, 2, ''),
('2012-10-13 11:00:00', 1, 1, ''),
('2012-10-13 11:15:00', 2, 1, ''),
('2012-10-13 12:00:00', 1, 1, ''),
('2012-10-13 12:15:00', 2, 1, ''),
('2012-10-13 13:00:00', 1, 1, ''),
('2012-10-13 13:15:00', 2, 1, ''),
('2012-10-13 14:00:00', 1, 2, ''),
('2012-10-13 14:15:00', 2, 2, ''),
('2012-10-13 15:00:00', 1, 2, ''),
('2012-10-13 15:15:00', 2, 2, ''),
('2012-10-13 16:00:00', 1, 1, ''),
('2012-10-13 16:15:00', 2, 1, ''),
('2012-10-13 17:00:00', 1, 1, ''),
('2012-10-13 17:15:00', 2, 1, ''),
('2012-10-13 18:00:00', 1, 1, ''),
('2012-10-13 18:15:00', 2, 1, ''),
('2012-10-13 19:00:00', 1, 1, ''),
('2012-10-13 19:15:00', 2, 1, ''),
('2012-10-13 20:00:00', 1, 1, ''),
('2012-10-13 20:15:00', 2, 1, ''),
('2012-10-13 21:00:00', 1, 1, ''),
('2012-10-13 21:15:00', 2, 1, ''),
('2012-10-13 22:00:00', 1, 1, ''),
('2012-10-13 22:15:00', 2, 1, ''),
('2012-10-08 09:00:00', 1, 1, ''),
('2012-10-08 09:15:00', 2, 1, ''),
('2012-10-08 11:00:00', 1, 1, ''),
('2012-10-08 11:15:00', 2, 1, ''),
('2012-10-08 13:00:00', 1, 1, ''),
('2012-10-08 13:15:00', 2, 1, ''),
('2012-10-08 15:00:00', 1, 2, ''),
('2012-10-08 15:15:00', 2, 2, ''),
('2012-10-08 20:00:00', 1, 1, ''),
('2012-10-08 20:15:00', 2, 1, ''),
('2012-10-08 21:00:00', 1, 1, ''),
('2012-10-08 21:15:00', 2, 1, ''),
('2012-10-13 07:00:00', 1, 1, ''),
('2012-10-13 07:15:00', 2, 1, 'Haulout Schedule'),
('2012-10-13 07:30:00', 1, 1, ''),
('2012-10-13 07:45:00', 2, 1, ''),
('2012-10-15 12:00:00', 1, 2, ''),
('2012-10-13 08:30:00', 1, 1, ''),
('2012-10-13 08:45:00', 2, 1, ''),
('2012-10-14 07:00:00', 1, 1, ''),
('2012-10-14 07:15:00', 2, 1, 'Haulout Schedule'),
('2012-10-14 07:30:00', 1, 1, ''),
('2012-10-14 07:45:00', 2, 1, ''),
('2012-10-14 08:00:00', 1, 1, ''),
('2012-10-14 08:15:00', 2, 1, ''),
('2012-10-14 08:30:00', 1, 1, ''),
('2012-10-14 08:45:00', 2, 1, ''),
('2012-10-14 09:00:00', 1, 1, ''),
('2012-10-14 09:15:00', 2, 1, ''),
('2012-10-14 10:00:00', 1, 2, ''),
('2012-10-14 10:15:00', 2, 2, ''),
('2012-10-14 11:00:00', 1, 1, ''),
('2012-10-14 11:15:00', 2, 1, ''),
('2012-10-14 12:00:00', 1, 1, ''),
('2012-10-14 12:15:00', 2, 1, ''),
('2012-10-14 13:00:00', 1, 1, ''),
('2012-10-14 13:15:00', 2, 1, ''),
('2012-10-14 14:00:00', 1, 2, ''),
('2012-10-14 14:15:00', 2, 2, ''),
('2012-10-14 15:00:00', 1, 2, ''),
('2012-10-14 15:15:00', 2, 2, ''),
('2012-10-14 16:00:00', 1, 1, ''),
('2012-10-14 16:15:00', 2, 1, ''),
('2012-10-14 17:00:00', 1, 1, ''),
('2012-10-14 17:15:00', 2, 1, ''),
('2012-10-14 18:00:00', 1, 1, ''),
('2012-10-14 18:15:00', 2, 1, ''),
('2012-10-14 19:00:00', 1, 1, ''),
('2012-10-14 19:15:00', 2, 1, ''),
('2012-10-14 20:00:00', 1, 1, ''),
('2012-10-14 20:15:00', 2, 1, ''),
('2012-10-15 10:15:00', 2, 2, ''),
('2012-10-15 10:00:00', 1, 2, ''),
('2012-10-15 08:15:00', 2, 1, ''),
('2012-10-15 08:00:00', 1, 1, ''),
('2012-10-15 12:15:00', 2, 2, ''),
('2012-10-15 14:00:00', 1, 2, ''),
('2012-10-15 14:15:00', 2, 2, ''),
('2012-10-15 16:00:00', 1, 2, ''),
('2012-10-15 16:15:00', 2, 2, ''),
('2012-10-15 17:00:00', 1, 2, ''),
('2012-10-15 17:15:00', 2, 2, ''),
('2012-10-15 18:00:00', 1, 2, ''),
('2012-10-15 18:15:00', 2, 2, ''),
('2012-10-15 19:00:00', 1, 2, ''),
('2012-10-15 19:15:00', 2, 2, ''),
('2012-10-16 08:00:00', 1, 1, ''),
('2012-10-16 08:15:00', 2, 1, ''),
('2012-10-16 10:00:00', 1, 2, ''),
('2012-10-16 10:15:00', 2, 2, ''),
('2012-10-16 12:00:00', 1, 2, ''),
('2012-10-16 12:15:00', 2, 2, ''),
('2012-10-16 14:00:00', 1, 2, ''),
('2012-10-16 14:15:00', 2, 2, ''),
('2012-10-16 16:00:00', 1, 2, ''),
('2012-10-16 16:15:00', 2, 2, ''),
('2012-10-16 17:00:00', 1, 2, ''),
('2012-10-16 17:15:00', 2, 2, ''),
('2012-10-16 18:00:00', 1, 2, ''),
('2012-10-16 18:15:00', 2, 2, ''),
('2012-10-16 19:00:00', 1, 2, ''),
('2012-10-16 19:15:00', 2, 2, ''),
('2012-10-17 08:00:00', 1, 1, ''),
('2012-10-17 08:15:00', 2, 1, ''),
('2012-10-17 10:00:00', 1, 2, ''),
('2012-10-17 10:15:00', 2, 2, ''),
('2012-10-17 12:00:00', 1, 2, ''),
('2012-10-17 12:15:00', 2, 2, ''),
('2012-10-17 14:00:00', 1, 2, ''),
('2012-10-17 14:15:00', 2, 2, ''),
('2012-10-17 16:00:00', 1, 2, ''),
('2012-10-17 16:15:00', 2, 2, ''),
('2012-10-17 17:00:00', 1, 2, ''),
('2012-10-17 17:15:00', 2, 2, ''),
('2012-10-17 18:00:00', 1, 2, ''),
('2012-10-17 18:15:00', 2, 2, ''),
('2012-10-17 19:00:00', 1, 2, ''),
('2012-10-17 19:15:00', 2, 2, ''),
('2012-10-18 08:00:00', 1, 1, ''),
('2012-10-18 08:15:00', 2, 1, ''),
('2012-10-18 10:00:00', 1, 2, ''),
('2012-10-18 10:15:00', 2, 2, ''),
('2012-10-18 12:00:00', 1, 2, ''),
('2012-10-18 12:15:00', 2, 2, ''),
('2012-10-18 14:00:00', 1, 2, ''),
('2012-10-18 14:15:00', 2, 2, ''),
('2012-10-18 16:00:00', 1, 2, ''),
('2012-10-18 16:15:00', 2, 2, ''),
('2012-10-18 17:00:00', 1, 2, ''),
('2012-10-18 17:15:00', 2, 2, ''),
('2012-10-18 18:00:00', 1, 2, ''),
('2012-10-18 18:15:00', 2, 2, ''),
('2012-10-18 19:00:00', 1, 2, ''),
('2012-10-18 19:15:00', 2, 2, ''),
('2012-10-19 08:00:00', 1, 1, ''),
('2012-10-19 08:15:00', 2, 1, ''),
('2012-10-19 10:00:00', 1, 2, ''),
('2012-10-19 10:15:00', 2, 2, ''),
('2012-10-19 12:00:00', 1, 2, ''),
('2012-10-19 12:15:00', 2, 2, ''),
('2012-10-19 14:00:00', 1, 2, ''),
('2012-10-19 14:15:00', 2, 2, ''),
('2012-10-19 16:00:00', 1, 2, ''),
('2012-10-19 16:15:00', 2, 2, ''),
('2012-10-19 17:00:00', 1, 1, ''),
('2012-10-19 17:15:00', 2, 1, ''),
('2012-10-19 18:00:00', 1, 1, ''),
('2012-10-19 18:15:00', 2, 1, ''),
('2012-10-19 19:00:00', 1, 1, ''),
('2012-10-19 19:15:00', 2, 1, ''),
('2012-10-19 20:00:00', 1, 1, ''),
('2012-10-19 20:15:00', 2, 1, ''),
('2012-10-19 21:00:00', 1, 1, ''),
('2012-10-19 21:15:00', 2, 1, ''),
('2012-10-20 07:00:00', 1, 1, ''),
('2012-10-20 07:15:00', 2, 1, 'Haulout Schedule'),
('2012-10-20 07:30:00', 1, 1, ''),
('2012-10-20 07:45:00', 2, 1, ''),
('2012-10-20 08:00:00', 1, 1, ''),
('2012-10-20 08:15:00', 2, 1, ''),
('2012-10-20 09:00:00', 1, 1, ''),
('2012-10-20 09:15:00', 2, 1, ''),
('2012-10-20 10:00:00', 1, 2, ''),
('2012-10-20 10:15:00', 2, 2, ''),
('2012-10-20 11:00:00', 1, 1, ''),
('2012-10-20 11:15:00', 2, 1, ''),
('2012-10-20 12:00:00', 1, 1, ''),
('2012-10-20 12:15:00', 2, 1, ''),
('2012-10-20 13:00:00', 1, 1, ''),
('2012-10-20 13:15:00', 2, 1, ''),
('2012-10-20 14:00:00', 1, 2, ''),
('2012-10-20 14:15:00', 2, 2, ''),
('2012-10-20 15:00:00', 1, 2, ''),
('2012-10-20 15:15:00', 2, 2, ''),
('2012-10-20 16:00:00', 1, 1, ''),
('2012-10-20 16:15:00', 2, 1, ''),
('2012-10-20 17:00:00', 1, 1, ''),
('2012-10-20 17:15:00', 2, 1, ''),
('2012-10-20 18:00:00', 1, 1, ''),
('2012-10-20 18:15:00', 2, 1, ''),
('2012-10-20 19:00:00', 1, 1, ''),
('2012-10-20 19:15:00', 2, 1, ''),
('2012-10-20 20:00:00', 1, 1, ''),
('2012-10-20 20:15:00', 2, 1, ''),
('2012-10-20 21:00:00', 1, 1, ''),
('2012-10-20 21:15:00', 2, 1, ''),
('2012-10-20 22:00:00', 1, 1, ''),
('2012-10-20 22:15:00', 2, 1, ''),
('2012-10-29 10:00:00', 3, 2, ''),
('2012-10-29 08:00:00', 3, 2, ''),
('2012-10-29 08:15:00', 3, 2, ''),
('2012-10-21 08:00:00', 1, 1, ''),
('2012-10-21 08:15:00', 2, 1, ''),
('2012-10-21 08:30:00', 3, 1, ''),
('2012-10-21 08:45:00', 3, 1, ''),
('2012-10-21 09:00:00', 1, 1, ''),
('2012-10-21 09:15:00', 2, 1, ''),
('2012-10-21 10:00:00', 1, 2, ''),
('2012-10-21 10:15:00', 2, 2, ''),
('2012-10-21 11:00:00', 1, 1, ''),
('2012-10-21 11:15:00', 2, 1, ''),
('2012-10-21 12:00:00', 1, 1, ''),
('2012-10-21 12:15:00', 2, 1, ''),
('2012-10-21 13:00:00', 1, 1, ''),
('2012-10-21 13:15:00', 2, 1, ''),
('2012-10-21 14:00:00', 1, 2, ''),
('2012-10-21 14:15:00', 2, 2, ''),
('2012-10-21 15:00:00', 1, 2, ''),
('2012-10-21 15:15:00', 2, 2, ''),
('2012-10-21 16:00:00', 1, 1, ''),
('2012-10-21 16:15:00', 2, 1, ''),
('2012-10-21 17:00:00', 1, 1, ''),
('2012-10-21 17:15:00', 2, 1, ''),
('2012-10-21 18:00:00', 1, 1, ''),
('2012-10-21 18:15:00', 2, 1, ''),
('2012-10-21 19:00:00', 1, 1, ''),
('2012-10-21 19:15:00', 2, 1, ''),
('2012-10-21 20:00:00', 1, 1, ''),
('2012-10-21 20:15:00', 2, 1, ''),
('2012-10-20 08:30:00', 1, 1, ''),
('2012-10-20 08:45:00', 2, 1, ''),
('2012-10-29 17:00:00', 3, 2, ''),
('2012-10-29 16:00:00', 3, 2, ''),
('2012-10-29 14:00:00', 3, 2, ''),
('2012-10-29 12:00:00', 3, 2, ''),
('2012-10-30 12:15:00', 3, 2, ''),
('2012-10-30 12:00:00', 3, 2, ''),
('2012-10-30 10:15:00', 3, 2, ''),
('2012-10-30 10:00:00', 3, 2, ''),
('2012-10-30 08:15:00', 3, 2, ''),
('2012-10-30 08:00:00', 3, 2, ''),
('2012-10-29 18:15:00', 3, 2, ''),
('2012-10-29 18:00:00', 3, 2, ''),
('2012-10-29 17:15:00', 3, 2, ''),
('2012-10-28 18:15:00', 3, 2, ''),
('2012-10-28 18:00:00', 3, 2, ''),
('2012-10-23 08:00:00', 1, 2, ''),
('2012-10-23 08:15:00', 2, 2, ''),
('2012-10-23 10:00:00', 1, 2, ''),
('2012-10-23 10:15:00', 2, 2, ''),
('2012-10-23 12:00:00', 1, 2, ''),
('2012-10-23 12:15:00', 2, 2, ''),
('2012-10-23 14:00:00', 1, 2, ''),
('2012-10-23 14:15:00', 2, 2, ''),
('2012-10-23 16:00:00', 1, 2, ''),
('2012-10-23 16:15:00', 2, 2, ''),
('2012-10-23 17:00:00', 1, 2, ''),
('2012-10-23 17:15:00', 2, 2, ''),
('2012-10-23 18:00:00', 1, 2, ''),
('2012-10-23 18:15:00', 2, 2, ''),
('2012-10-28 17:15:00', 3, 2, ''),
('2012-10-28 17:00:00', 3, 2, ''),
('2012-10-24 08:00:00', 1, 2, ''),
('2012-10-24 08:15:00', 2, 2, ''),
('2012-10-24 10:00:00', 1, 2, ''),
('2012-10-24 10:15:00', 2, 2, ''),
('2012-10-24 12:00:00', 1, 2, ''),
('2012-10-24 12:15:00', 2, 2, ''),
('2012-10-24 14:00:00', 1, 2, ''),
('2012-10-24 14:15:00', 2, 2, ''),
('2012-10-24 16:00:00', 1, 2, ''),
('2012-10-24 16:15:00', 2, 2, ''),
('2012-10-24 17:00:00', 1, 2, ''),
('2012-10-24 17:15:00', 2, 2, ''),
('2012-10-24 18:00:00', 1, 2, ''),
('2012-10-24 18:15:00', 2, 2, ''),
('2012-10-28 16:15:00', 3, 2, ''),
('2012-10-28 16:00:00', 3, 2, ''),
('2012-10-25 08:00:00', 1, 2, ''),
('2012-10-25 08:15:00', 2, 2, ''),
('2012-10-25 10:00:00', 1, 2, ''),
('2012-10-25 10:15:00', 2, 2, ''),
('2012-10-25 12:00:00', 1, 2, ''),
('2012-10-25 12:15:00', 2, 2, ''),
('2012-10-25 14:00:00', 1, 2, ''),
('2012-10-25 14:15:00', 2, 2, ''),
('2012-10-25 16:00:00', 1, 2, ''),
('2012-10-25 16:15:00', 2, 2, ''),
('2012-10-25 17:00:00', 1, 2, ''),
('2012-10-25 17:15:00', 2, 2, ''),
('2012-10-25 18:00:00', 1, 2, ''),
('2012-10-25 18:15:00', 2, 2, ''),
('2012-10-28 15:15:00', 3, 2, ''),
('2012-10-28 15:00:00', 3, 2, ''),
('2012-10-26 08:00:00', 1, 2, ''),
('2012-10-26 08:15:00', 2, 2, ''),
('2012-10-26 10:00:00', 1, 2, ''),
('2012-10-26 10:15:00', 2, 2, ''),
('2012-10-26 12:00:00', 1, 2, ''),
('2012-10-26 12:15:00', 2, 2, ''),
('2012-10-26 14:00:00', 1, 2, ''),
('2012-10-26 14:15:00', 2, 2, ''),
('2012-10-26 16:00:00', 1, 2, ''),
('2012-10-26 16:15:00', 2, 2, ''),
('2012-10-26 17:00:00', 1, 2, ''),
('2012-10-26 17:15:00', 2, 2, ''),
('2012-10-26 18:00:00', 1, 2, ''),
('2012-10-26 18:15:00', 2, 2, ''),
('2012-10-28 14:15:00', 3, 2, ''),
('2012-10-28 14:00:00', 3, 2, ''),
('2012-10-28 13:15:00', 3, 2, ''),
('2012-10-28 13:00:00', 3, 2, ''),
('2012-10-28 12:15:00', 2, 2, ''),
('2012-10-28 12:00:00', 1, 2, ''),
('2012-10-27 08:00:00', 1, 2, ''),
('2012-10-27 08:15:00', 2, 2, ''),
('2012-10-27 09:00:00', 1, 2, ''),
('2012-10-27 09:15:00', 2, 2, ''),
('2012-10-27 10:00:00', 1, 2, ''),
('2012-10-27 10:15:00', 2, 2, ''),
('2012-10-27 11:00:00', 1, 2, ''),
('2012-10-27 11:15:00', 2, 2, ''),
('2012-10-27 12:00:00', 1, 2, ''),
('2012-10-27 12:15:00', 2, 2, ''),
('2012-10-27 13:00:00', 1, 2, ''),
('2012-10-27 13:15:00', 2, 2, ''),
('2012-10-27 14:00:00', 1, 2, ''),
('2012-10-27 14:15:00', 2, 2, ''),
('2012-10-27 15:00:00', 1, 2, ''),
('2012-10-27 15:15:00', 2, 2, ''),
('2012-10-27 16:00:00', 1, 2, ''),
('2012-10-27 16:15:00', 2, 2, ''),
('2012-10-27 17:00:00', 1, 2, ''),
('2012-10-27 17:15:00', 2, 2, ''),
('2012-10-27 18:00:00', 1, 2, ''),
('2012-10-27 18:15:00', 2, 2, ''),
('2012-10-28 11:15:00', 2, 2, ''),
('2012-10-28 11:00:00', 1, 2, ''),
('2012-10-28 10:15:00', 2, 2, ''),
('2012-10-28 10:00:00', 1, 2, ''),
('2012-10-28 09:15:00', 2, 2, ''),
('2012-10-28 09:00:00', 1, 2, ''),
('2012-10-28 08:15:00', 2, 2, ''),
('2012-10-28 08:00:00', 1, 2, ''),
('2012-11-03 08:00:00', 1, 2, ''),
('2012-11-03 08:15:00', 2, 2, ''),
('2012-11-03 09:00:00', 1, 2, ''),
('2012-11-03 09:15:00', 2, 2, ''),
('2012-11-03 10:00:00', 1, 2, ''),
('2012-11-03 10:15:00', 2, 2, ''),
('2012-11-03 11:00:00', 1, 2, ''),
('2012-11-03 11:15:00', 2, 2, ''),
('2012-11-03 12:00:00', 1, 2, ''),
('2012-11-03 12:15:00', 2, 2, ''),
('2012-11-03 13:00:00', 1, 2, ''),
('2012-11-03 13:15:00', 2, 2, ''),
('2012-11-03 14:00:00', 1, 2, ''),
('2012-11-03 14:15:00', 2, 2, ''),
('2012-11-03 15:00:00', 1, 2, ''),
('2012-11-03 15:15:00', 2, 2, ''),
('2012-11-03 16:00:00', 1, 2, ''),
('2012-11-03 16:15:00', 2, 2, ''),
('2012-11-03 17:00:00', 1, 2, ''),
('2012-11-03 17:15:00', 2, 2, ''),
('2012-11-03 18:00:00', 1, 2, ''),
('2012-11-03 18:15:00', 2, 2, ''),
('2012-11-04 08:00:00', 1, 2, ''),
('2012-11-04 08:15:00', 2, 2, ''),
('2012-11-04 09:00:00', 1, 2, ''),
('2012-11-04 09:15:00', 2, 2, ''),
('2012-11-04 10:00:00', 1, 2, ''),
('2012-11-04 10:15:00', 2, 2, ''),
('2012-11-04 11:00:00', 1, 2, ''),
('2012-11-04 11:15:00', 2, 2, ''),
('2012-11-04 12:00:00', 1, 2, ''),
('2012-11-04 12:15:00', 2, 2, ''),
('2012-11-04 13:00:00', 1, 2, ''),
('2012-11-04 13:15:00', 2, 2, ''),
('2012-11-04 14:00:00', 1, 2, ''),
('2012-11-04 14:15:00', 2, 2, ''),
('2012-11-04 15:00:00', 1, 2, ''),
('2012-11-04 15:15:00', 2, 2, ''),
('2012-11-04 16:00:00', 1, 2, ''),
('2012-11-04 16:15:00', 2, 2, ''),
('2012-11-04 17:00:00', 1, 2, ''),
('2012-11-04 17:15:00', 2, 2, ''),
('2012-11-04 18:00:00', 1, 2, ''),
('2012-11-04 18:15:00', 2, 2, ''),
('2012-09-01 15:30:00', 1, 1, ''),
('2012-09-01 15:45:00', 2, 1, ''),
('2012-09-01 16:30:00', 1, 1, ''),
('2012-09-01 16:45:00', 2, 1, ''),
('2012-09-05 15:30:00', 1, 1, ''),
('2012-09-05 15:45:00', 2, 1, ''),
('2012-10-29 16:15:00', 3, 2, ''),
('2012-10-29 14:15:00', 3, 2, ''),
('2012-10-29 12:15:00', 3, 2, ''),
('2012-10-29 10:15:00', 3, 2, ''),
('2012-10-30 14:00:00', 3, 2, ''),
('2012-10-30 14:15:00', 3, 2, ''),
('2012-10-30 16:00:00', 3, 2, ''),
('2012-10-30 16:15:00', 3, 2, ''),
('2012-10-30 17:00:00', 3, 2, ''),
('2012-10-30 17:15:00', 3, 2, ''),
('2012-10-30 18:00:00', 3, 2, ''),
('2012-10-30 18:15:00', 3, 2, ''),
('2012-10-31 08:00:00', 3, 2, ''),
('2012-10-31 08:15:00', 3, 2, ''),
('2012-10-31 10:00:00', 3, 2, ''),
('2012-10-31 10:15:00', 3, 2, ''),
('2012-10-31 12:00:00', 1, 2, ''),
('2012-10-31 12:15:00', 2, 2, ''),
('2012-10-31 14:00:00', 1, 2, ''),
('2012-10-31 14:15:00', 2, 2, ''),
('2012-10-31 16:00:00', 1, 2, ''),
('2012-10-31 16:15:00', 2, 2, ''),
('2012-10-31 17:00:00', 1, 2, ''),
('2012-10-31 17:15:00', 2, 2, ''),
('2012-10-31 18:00:00', 1, 2, ''),
('2012-10-31 18:15:00', 2, 2, ''),
('2012-11-01 08:00:00', 1, 2, ''),
('2012-11-01 08:15:00', 2, 2, ''),
('2012-11-01 10:00:00', 1, 2, ''),
('2012-11-01 10:15:00', 2, 2, ''),
('2012-11-01 12:00:00', 1, 2, ''),
('2012-11-01 12:15:00', 2, 2, ''),
('2012-11-01 14:00:00', 1, 2, ''),
('2012-11-01 14:15:00', 2, 2, ''),
('2012-11-01 16:00:00', 1, 2, ''),
('2012-11-01 16:15:00', 2, 2, ''),
('2012-11-01 17:00:00', 1, 2, ''),
('2012-11-01 17:15:00', 2, 2, ''),
('2012-11-01 18:00:00', 1, 2, ''),
('2012-11-01 18:15:00', 2, 2, ''),
('2012-11-02 08:00:00', 1, 2, ''),
('2012-11-02 08:15:00', 2, 2, ''),
('2012-11-02 10:00:00', 1, 2, ''),
('2012-11-02 10:15:00', 2, 2, ''),
('2012-11-02 12:00:00', 1, 2, ''),
('2012-11-02 12:15:00', 2, 2, ''),
('2012-11-02 14:00:00', 1, 2, ''),
('2012-11-02 14:15:00', 2, 2, ''),
('2012-11-02 16:00:00', 1, 2, ''),
('2012-11-02 16:15:00', 2, 2, ''),
('2012-11-02 17:00:00', 1, 2, ''),
('2012-11-02 17:15:00', 2, 2, ''),
('2012-11-02 18:00:00', 1, 2, ''),
('2012-11-02 18:15:00', 2, 2, ''),
('2012-11-10 08:00:00', 1, 2, ''),
('2012-11-10 08:15:00', 2, 2, ''),
('2012-11-10 09:00:00', 1, 2, ''),
('2012-11-10 09:15:00', 2, 2, ''),
('2012-11-10 10:00:00', 1, 2, ''),
('2012-11-10 10:15:00', 2, 2, ''),
('2012-11-10 11:00:00', 1, 2, ''),
('2012-11-10 11:15:00', 2, 2, ''),
('2012-11-10 12:00:00', 1, 2, ''),
('2012-11-10 12:15:00', 2, 2, ''),
('2012-11-10 13:00:00', 1, 2, ''),
('2012-11-10 13:15:00', 2, 2, ''),
('2012-11-10 14:00:00', 1, 2, ''),
('2012-11-10 14:15:00', 2, 2, ''),
('2012-11-10 15:00:00', 1, 2, ''),
('2012-11-10 15:15:00', 2, 2, ''),
('2012-11-10 16:00:00', 1, 2, ''),
('2012-11-10 16:15:00', 2, 2, ''),
('2012-11-10 17:00:00', 1, 2, ''),
('2012-11-10 17:15:00', 2, 2, ''),
('2012-11-10 18:00:00', 1, 2, ''),
('2012-11-10 18:15:00', 2, 2, ''),
('2012-11-11 08:00:00', 1, 2, ''),
('2012-11-11 08:15:00', 2, 2, ''),
('2012-11-11 09:00:00', 1, 2, ''),
('2012-11-11 09:15:00', 2, 2, ''),
('2012-11-11 10:00:00', 1, 2, ''),
('2012-11-11 10:15:00', 2, 2, ''),
('2012-11-11 11:00:00', 1, 2, ''),
('2012-11-11 11:15:00', 2, 2, ''),
('2012-11-11 12:00:00', 1, 2, ''),
('2012-11-11 12:15:00', 2, 2, ''),
('2012-11-11 13:00:00', 1, 2, ''),
('2012-11-11 13:15:00', 2, 2, ''),
('2012-11-11 14:00:00', 1, 2, ''),
('2012-11-11 14:15:00', 2, 2, ''),
('2012-11-11 15:00:00', 1, 2, ''),
('2012-11-11 15:15:00', 2, 2, ''),
('2012-11-11 16:00:00', 1, 2, ''),
('2012-11-11 16:15:00', 2, 2, ''),
('2012-11-11 17:00:00', 1, 2, ''),
('2012-11-11 17:15:00', 2, 2, ''),
('2012-11-11 18:00:00', 1, 2, ''),
('2012-11-11 18:15:00', 2, 2, ''),
('2012-11-18 08:00:00', 1, 2, ''),
('2012-11-18 08:15:00', 2, 2, ''),
('2012-11-18 09:00:00', 1, 2, ''),
('2012-11-18 09:15:00', 2, 2, ''),
('2012-11-18 10:00:00', 1, 2, ''),
('2012-11-18 10:15:00', 2, 2, ''),
('2012-11-18 11:00:00', 1, 2, ''),
('2012-11-18 11:15:00', 2, 2, ''),
('2012-11-18 12:00:00', 1, 2, ''),
('2012-11-18 12:15:00', 2, 2, ''),
('2012-11-18 13:00:00', 1, 2, ''),
('2012-11-18 13:15:00', 2, 2, ''),
('2012-11-18 14:00:00', 1, 2, ''),
('2012-11-18 14:15:00', 2, 2, ''),
('2012-11-18 15:00:00', 1, 2, ''),
('2012-11-18 15:15:00', 2, 2, ''),
('2012-11-18 16:00:00', 1, 2, ''),
('2012-11-18 16:15:00', 2, 2, ''),
('2012-11-18 17:00:00', 1, 2, ''),
('2012-11-18 17:15:00', 2, 2, ''),
('2012-11-18 18:00:00', 1, 2, ''),
('2012-11-18 18:15:00', 2, 2, ''),
('2012-11-17 08:00:00', 1, 2, ''),
('2012-11-17 08:15:00', 2, 2, ''),
('2012-11-17 09:00:00', 1, 2, ''),
('2012-11-17 09:15:00', 2, 2, ''),
('2012-11-17 10:00:00', 1, 2, ''),
('2012-11-17 10:15:00', 2, 2, ''),
('2012-11-17 11:00:00', 1, 2, ''),
('2012-11-17 11:15:00', 2, 2, ''),
('2012-11-17 12:00:00', 1, 2, ''),
('2012-11-17 12:15:00', 2, 2, ''),
('2012-11-17 13:00:00', 1, 2, ''),
('2012-11-17 13:15:00', 2, 2, ''),
('2012-11-17 14:00:00', 1, 2, ''),
('2012-11-17 14:15:00', 2, 2, ''),
('2012-11-17 15:00:00', 1, 2, ''),
('2012-11-17 15:15:00', 2, 2, ''),
('2012-11-17 16:00:00', 1, 2, ''),
('2012-11-17 16:15:00', 2, 2, ''),
('2012-11-17 17:00:00', 1, 2, ''),
('2012-11-17 17:15:00', 2, 2, ''),
('2012-11-17 18:00:00', 1, 2, ''),
('2012-11-17 18:15:00', 2, 2, '');

-- --------------------------------------------------------

--
-- Table structure for table `loginType`
--

CREATE TABLE IF NOT EXISTS `loginType` (
  `loginTypeID` int(11) NOT NULL AUTO_INCREMENT,
  `loginTypeName` text NOT NULL,
  PRIMARY KEY (`loginTypeID`)
) ENGINE=MyISAM  DEFAULT CHARSET=latin1 AUTO_INCREMENT=6 ;

--
-- Dumping data for table `loginType`
--

INSERT INTO `loginType` (`loginTypeID`, `loginTypeName`) VALUES
(1, 'Commontree Administrator'),
(2, 'Administrator'),
(3, 'Editor'),
(4, 'Member'),
(5, 'Guest');

-- --------------------------------------------------------

--
-- Table structure for table `memberLogin`
--

CREATE TABLE IF NOT EXISTS `memberLogin` (
  `memberID` int(11) NOT NULL AUTO_INCREMENT,
  `memberLoginName` varchar(255) NOT NULL,
  `memberLoginPassword` varchar(255) DEFAULT NULL,
  `memberLoginToken` varchar(255) DEFAULT NULL,
  `memberDateAdded` date DEFAULT NULL,
  `memberVerifyString` varchar(255) DEFAULT NULL,
  `memberVerified` tinyint(1) DEFAULT NULL,
  `memberActive` tinyint(1) DEFAULT NULL,
  `memberLoginTypeID` int(11) DEFAULT NULL,
  `memberExpiryDate` date DEFAULT NULL,
  `memberEmployeeID` varchar(255) DEFAULT NULL,
  PRIMARY KEY (`memberID`)
) ENGINE=MyISAM  DEFAULT CHARSET=latin1 AUTO_INCREMENT=8 ;

--
-- Dumping data for table `memberLogin`
--

INSERT INTO `memberLogin` (`memberID`, `memberLoginName`, `memberLoginPassword`, `memberLoginToken`, `memberDateAdded`, `memberVerifyString`, `memberVerified`, `memberActive`, `memberLoginTypeID`, `memberExpiryDate`, `memberEmployeeID`) VALUES
(1, 'philly@marblehead.net', 'f2181b550d1a4eb49032b905146d3f25', '13315600666689-aeebe9b2344cccad5374e7e26ff4f0ec-8408', '2011-03-15', '', 1, 1, 1, '2020-03-15', ''),
(2, 'office@qcyc.ca', '7724a9a380a601a9b65771ead192e96c', '13318376747149-9d919312ddd988abc52764cf6030817f-4699', '2012-03-15', '', 1, 1, 2, '2012-12-31', ''),
(4, 'mark.macrae@gmail.com', 'e267be473962821562c7e3df76615dd3', '13330498744888-a76f4672973799ef7981bec277bebfba-5146', '2012-03-29', '', 1, 1, 2, '2012-12-31', ''),
(5, 'philip.singer@commontree.com', '78c1da45b6016d4c77850df8dde4dd7a', '13337969905340-54184e96335c21d8415c7197881dce6c-7339', '2012-04-07', '', 1, 1, 2, '2012-12-31', ''),
(7, 'richardslee@rogers.com', 'bd071d2a93840d17be5001a1c4767379', '13483931996983-49d759ababaae6a7417652434a6d5e94-161', '2012-09-22', '', 1, 1, 2, '2020-12-31', '3');

-- --------------------------------------------------------

--
-- Table structure for table `members`
--

CREATE TABLE IF NOT EXISTS `members` (
  `memberID` int(11) NOT NULL,
  `memberFirstName` varchar(255) DEFAULT NULL,
  `memberMiddleName` varchar(255) DEFAULT NULL,
  `memberLastName` varchar(255) DEFAULT NULL,
  `memberAddress` varchar(255) DEFAULT NULL,
  `memberCity` varchar(255) DEFAULT NULL,
  `memberCounty` varchar(255) DEFAULT NULL,
  `memberStateProv` int(11) DEFAULT NULL,
  `memberZipPostal` varchar(20) DEFAULT NULL,
  `memberCountry` int(11) DEFAULT NULL,
  `memberLat` varchar(100) DEFAULT NULL,
  `memberLong` varchar(100) DEFAULT NULL,
  `memberPhone1` varchar(20) DEFAULT NULL,
  `memberPhone2` varchar(20) DEFAULT NULL,
  `memberMobile` varchar(20) DEFAULT NULL,
  `memberFax` varchar(20) DEFAULT NULL,
  `memberEmail` varchar(100) DEFAULT NULL,
  `memberDescription` varchar(255) DEFAULT NULL,
  PRIMARY KEY (`memberID`),
  KEY `memberLastName` (`memberLastName`)
) ENGINE=MyISAM DEFAULT CHARSET=latin1;

--
-- Dumping data for table `members`
--

INSERT INTO `members` (`memberID`, `memberFirstName`, `memberMiddleName`, `memberLastName`, `memberAddress`, `memberCity`, `memberCounty`, `memberStateProv`, `memberZipPostal`, `memberCountry`, `memberLat`, `memberLong`, `memberPhone1`, `memberPhone2`, `memberMobile`, `memberFax`, `memberEmail`, `memberDescription`) VALUES
(1, 'Philip', '', 'Rodrigues', '113 Warden Avenue', 'Toronto', '', 61, 'M1N2Z5', 0, '', '', '416 686-6408', '', '416 358-7441', '', 'philly@marblehead.net', 'CT Admin'),
(2, 'Don', '', 'Ferguson', '', '', '', 61, '', 0, '', '', '', '', '', '', 'office@qcyc.ca', ''),
(7, 'Richard', '', 'Slee', '', '', '', 61, '', 2, '', '', '', '', '', '', 'richardslee@rogers.com', 'Communications Chair'),
(4, 'Mark', '', 'MacRae', '', '', '', 61, '', 2, '', '', '', '', '', '', 'mark.macrae@gmail.com', 'QCYC Web Master'),
(5, 'Phil', '', 'Singer', '', '', '', 61, '', 2, '', '', '', '', '', '', 'philip.singer@commontree.com', '');

-- --------------------------------------------------------

--
-- Table structure for table `seasons`
--

CREATE TABLE IF NOT EXISTS `seasons` (
  `seasonID` int(11) NOT NULL AUTO_INCREMENT,
  `seasonName` varchar(255) DEFAULT NULL,
  `seasonStartDate` date NOT NULL,
  `seasonEndDate` date NOT NULL,
  PRIMARY KEY (`seasonID`),
  KEY `Name` (`seasonName`),
  KEY `StartDate` (`seasonStartDate`),
  KEY `EndDate` (`seasonEndDate`)
) ENGINE=MyISAM  DEFAULT CHARSET=latin1 AUTO_INCREMENT=8 ;

--
-- Dumping data for table `seasons`
--

INSERT INTO `seasons` (`seasonID`, `seasonName`, `seasonStartDate`, `seasonEndDate`) VALUES
(1, 'Early Bird', '2012-03-31', '2012-04-09'),
(2, 'Spring', '2012-04-14', '2012-04-29'),
(3, 'Summer', '2012-04-30', '2012-09-03'),
(4, 'Fall', '2012-09-04', '2012-09-30'),
(5, 'Late Fall', '2012-10-01', '2012-10-21'),
(6, 'Snow Bird', '2012-10-22', '2012-11-04');

-- --------------------------------------------------------

--
-- Table structure for table `stateProv`
--

CREATE TABLE IF NOT EXISTS `stateProv` (
  `stateProv_id` int(11) NOT NULL AUTO_INCREMENT,
  `stateProv_sort_order` int(11) NOT NULL,
  `stateProv_shortname` varchar(4) NOT NULL,
  `stateProv_name` varchar(100) NOT NULL,
  PRIMARY KEY (`stateProv_id`)
) ENGINE=MyISAM  DEFAULT CHARSET=latin1 AUTO_INCREMENT=66 ;

--
-- Dumping data for table `stateProv`
--

INSERT INTO `stateProv` (`stateProv_id`, `stateProv_sort_order`, `stateProv_shortname`, `stateProv_name`) VALUES
(1, 1, 'AL', 'Alabama'),
(2, 2, 'AK', 'Alaska'),
(3, 3, 'AZ', 'Arizona'),
(4, 4, 'AR', 'Arkansas'),
(5, 5, 'CA', 'California'),
(6, 6, 'CO', 'Colorado'),
(7, 7, 'CT', 'Connecticut'),
(8, 8, 'DE', 'Delaware'),
(9, 9, 'DC', 'District of Columbia'),
(10, 10, 'FL', 'Florida'),
(11, 11, 'GA', 'Georgia'),
(12, 12, 'HI', 'Hawaii'),
(13, 13, 'ID', 'Idaho'),
(14, 14, 'IL', 'Illinois'),
(15, 15, 'IN', 'Indiana'),
(16, 16, 'IA', 'Iowa'),
(17, 17, 'KS', 'Kansas'),
(18, 18, 'KY', 'Kentucky'),
(19, 19, 'LA', 'Louisiana'),
(20, 20, 'ME', 'Maine'),
(21, 21, 'MD', 'Maryland'),
(22, 22, 'MA', 'Massachusetts'),
(23, 23, 'MI', 'Michigan'),
(24, 24, 'MN', 'Minnesota'),
(25, 25, 'MS', 'Mississippi'),
(26, 26, 'MO', 'Missouri'),
(27, 27, 'MT', 'Montana'),
(28, 28, 'NE', 'Nebraska'),
(29, 29, 'NV', 'Nevada'),
(30, 30, 'NH', 'New Hampshire'),
(31, 31, 'NJ', 'New Jersey'),
(32, 32, 'NM', 'New Mexico'),
(33, 33, 'NY', 'New York'),
(34, 34, 'NC', 'North Carolina'),
(35, 35, 'ND', 'North Dakota'),
(36, 36, 'OH', 'Ohio'),
(37, 37, 'OK', 'Oklahoma'),
(38, 38, 'OR', 'Oregon'),
(39, 39, 'PA', 'Pennsylvania'),
(40, 40, 'PR', 'Puerto Rico'),
(41, 41, 'RI', 'Rhode Island'),
(42, 42, 'SC', 'South Carolina'),
(43, 43, 'SD', 'South Dakota'),
(44, 44, 'TN', 'Tennessee'),
(45, 45, 'TX', 'Texas'),
(46, 46, 'UT', 'Utah'),
(47, 47, 'VT', 'Vermont'),
(48, 48, 'VA', 'Virginia'),
(49, 49, 'WA', 'Washington'),
(50, 50, 'WV', 'West Virginia'),
(51, 51, 'WI', 'Wisconsin'),
(52, 52, 'WY', 'Wyoming'),
(53, 100, 'AB', 'Alberta'),
(54, 101, 'BC', 'British Columbia'),
(55, 102, 'MB', 'Manitoba'),
(56, 103, 'NB', 'New Brunswick'),
(57, 104, 'NL', 'Newfoundland and Labrador'),
(58, 105, 'NT', 'Northwest Territories'),
(59, 106, 'NS', 'Nova Scotia'),
(60, 107, 'NU', 'Nunavut'),
(61, 108, 'ON', 'Ontario'),
(62, 109, 'PE', 'Prince Edward Island'),
(63, 110, 'QC', 'Quebec'),
(64, 111, 'SK', 'Saskatchewan'),
(65, 112, 'YT', 'Yukon');
